Company,Sector,Sub Sector,Market Cap,1D Return (%),1W Return (%),1M Return (%),Volume,PE Ratio,Dividend Yield (%)
"Reliance Industries Limited (RELIANCE)","Refineries & Marketing","RELIANCE",16590892473172.00,0.56,-0.03,-6.91,13138735,25.37,0.48
"HDFC Bank Limited (HDFCBANK)","Private Sector Bank","HDFCBANK",11340524643580.80,0.92,0.63,1.11,19853034,18.00,2.10
"Bharti Airtel Limited (BHARTIARTL)","Telecom - Cellular & Fixed line services","BHARTIARTL",11141790590738.60,-0.58,-5.70,-8.30,4766200,78.99,1.38
"ICICI Bank Limited (ICICIBANK)","Private Sector Bank","ICICIBANK",9524382838938.80,-0.58,-0.90,-6.74,10841310,17.70,0.90
"State Bank of India (SBIN)","Public Sector Bank","SBIN",9073843750638.00,0.46,-1.33,-6.20,3759097,9.76,1.75
"Tata Consultancy Services Limited (TCS)","Computers - Software & Consulting","TCS",7532858212476.00,-0.24,-1.09,-9.33,3342195,31.75,5.26
"Bajaj Finance Limited (BAJFINANCE)","Non Banking Financial Company (NBFC)","BAJFINANCE",6206653845657.60,1.52,-4.17,-8.32,5467794,27.42,0.58
"Larsen & Toubro Limited (LT)","Civil Construction","LT",5333244156361.80,0.46,-0.23,-5.89,1230579,31.04,0.97
"Life Insurance Corporation Of India (LICI)","Life Insurance","Insurance",5174480619188.10,0.75,0.33,-3.53,11594970,16.25,4.91
"Hindustan Unilever Limited (HINDUNILVR)","Diversified FMCG","HINDUNILVR",4565020862939.80,0.49,0.56,-4.02,732074,62.42,2.10
"Sun Pharmaceutical Industries Limited (SUNPHARMA)","Pharmaceuticals","SUNPHARMA",4444048231434.00,0.12,0.81,-3.63,683246,39.02,0.86
"Titan Company Limited (TITAN)","Gems, Jewellery And Watches","TITAN",4335947605440.00,1.07,1.78,-4.70,368677,85.35,0.31
"Adani Ports and Special Economic Zone Limited (ADANIPORTS)","Port & Port services","ADANIPORTS",4119478867224.00,0.15,-1.97,5.01,895306,33.41,0.41
"Infosys Limited (INFY)","Computers - Software & Consulting","INFY",4059044108492.40,-1.41,-4.87,-12.57,10240700,27.98,4.70
"Kotak Mahindra Bank Limited (KOTAKBANK)","Private Sector Bank","KOTAKBANK",4018853035312.00,-0.25,-2.06,0.60,18175573,19.15,0.16
"Adani Enterprises Limited (ADANIENT)","Trading - Minerals","ADANIENT",3947279114137.00,0.57,-3.43,-6.22,570504,78.80,0.04
"Adani Power Limited (ADANIPOWER)","Integrated Power Utilities","ADANIPOWER",3909971851438.75,1.64,-1.86,-1.74,16171228,16.69,0.00
"Axis Bank Limited (AXISBANK)","Private Sector Bank","AXISBANK",3806032434649.60,3.03,-2.75,-1.02,6923162,13.44,0.16
"Maruti Suzuki India Limited (MARUTI)","Passenger Cars & Utility Vehicles","MARUTI",3793267055310.00,0.63,-0.31,-11.79,283642,26.73,1.14
"M&M (M&M)","Passenger Cars & Utility Vehicles","M&M",3774110002085.00,1.75,-0.56,-11.85,2080300,30.87,1.09
"HCL Technologies Limited (HCLTECH)","Computers - Software & Consulting","HCLTECH",3413790690768.00,1.16,0.70,-4.39,1568243,26.17,4.77
"ITC Limited (ITC)","Diversified FMCG","ITC",3370709095058.00,0.37,2.55,-0.88,6240148,29.85,5.37
"UltraTech Cement Limited (ULTRACEMCO)","Cement & Cement Products","ULTRACEMCO",3287146152505.00,0.90,1.28,-3.34,191155,46.52,2.15
"ETERNAL LIMITED (ETERNAL)","E-Retail/ E-Commerce","Retailing",3232867466745.00,-0.15,2.49,1.21,24508361,386.42,0.00
"Hindustan Aeronautics Limited (HAL)","Aerospace & Defense","HAL",3210120000000.00,0.54,-0.01,-2.04,384467,41.62,0.72
"NTPC Limited (NTPC)","Power Generation","NTPC",3166931159364.40,0.00,0.91,-3.90,6075589,19.20,2.76
"JSW Steel Limited (JSWSTEEL)","Iron & Steel","JSWSTEEL",3122844714582.00,0.30,0.11,-3.28,1032391,31.65,0.55
"Bajaj Auto Limited (BAJAJ-AUTO)","2/3 Wheelers","BAJAJ-AUTO",3100062096478.00,0.65,-1.17,-5.42,121620,35.03,1.32
"Oil & Natural Gas Corporation Limited (ONGC)","Oil Exploration & Production","ONGC",2967184653527.16,-1.31,1.31,0.79,5066494,8.90,5.59
"Bharat Electronics Limited (BEL)","Aerospace & Defense","BEL",2876763458152.95,0.40,0.06,-4.77,6083441,52.51,0.63
"Bajaj Finserv Limited (BAJAJFINSV)","Holding Company","BAJAJFINSV",2837250643766.00,0.49,-4.40,-11.63,1419352,15.47,0.08
"Nestle India Limited (NESTLEIND)","Packaged Foods","NESTLEIND",2627521092432.00,0.86,-0.71,-7.87,382857,73.70,0.87
"Coal India Limited (COALINDIA)","Coal","COALINDIA",2625938540134.70,0.97,3.95,5.47,4798343,9.24,6.24
"Divi's Laboratories Limited (DIVISLAB)","Pharmaceuticals","DIVISLAB",2553675005310.00,0.18,2.61,10.01,388859,77.56,0.31
"Power Grid Corporation of India Limited (POWERGRID)","Power - Transmission","POWERGRID",2506512729220.50,1.16,-0.30,-0.55,6241140,20.23,3.33
"Avenue Supermarts Limited (DMART)","Diversified Retail","Retailing",2500841525013.40,1.23,2.25,-1.93,297635,123.09,0.00
"Hindustan Zinc Limited (HINDZINC)","Zinc","Non - Ferrous Metals",2488501625050.00,0.31,-1.18,-0.62,3349241,31.88,1.85
"Tata Steel Limited (TATASTEEL)","Iron & Steel","TATASTEEL",2346528602332.87,-0.03,1.31,0.55,15890667,52.60,2.10
"Asian Paints Limited (ASIANPAINT)","Paints","ASIANPAINT",2344279398760.00,2.14,-0.30,-7.42,426982,58.22,0.94
"Shriram Finance Limited (SHRIRAMFIN)","Non Banking Financial Company (NBFC)","SHRIRAMFIN",2339162068299.40,0.41,-1.57,-12.68,2700614,16.38,1.07
"Hindalco Industries Limited (HINDALCO)","Aluminium","HINDALCO",2195540312971.00,-0.51,-0.96,-7.05,2469481,13.95,0.50
"Grasim Industries Limited (GRASIM)","Cement & Cement Products","GRASIM",2171595867711.00,0.77,-0.57,-3.00,773413,17.15,0.31
"Adani Green Energy Limited (ADANIGREEN)","Power Generation","Power",2135728602573.00,1.29,-2.84,-2.51,972126,205.70,0.00
"Eicher Motors Limited (EICHERMOT)","2/3 Wheelers","EICHERMOT",2020479756160.00,0.29,-2.08,-8.63,201194,35.98,1.10
"TVS Motor Company Limited (TVSMOTOR)","2/3 Wheelers","TVSMOTOR",1975079659032.20,1.62,-0.34,-5.94,411326,65.40,0.29
"Indian Oil Corporation Limited (IOC)","Refineries & Marketing","IOC",1916252048573.10,-0.42,-0.95,-2.37,7769991,7.87,5.97
"InterGlobe Aviation Limited (INDIGO)","Airline","INDIGO",1910132989180.00,1.02,0.41,-5.33,408716,21.02,0.00
"Torrent Pharmaceuticals Limited (TORNTPHARM)","Pharmaceuticals","TORNTPHARM",1897465049656.00,1.22,3.07,1.15,386632,67.97,0.76
"Solar Industries India Limited (SOLARINDS)","Explosives","Chemicals & Petrochemicals",1786726135975.00,1.36,6.41,-0.28,120411,94.98,0.06
"Samvardhana Motherson International Limited (MOTHERSON)","Auto Components & Equipments","MOTHERSON",1748976683411.71,1.98,1.93,-0.44,14239797,44.47,0.36
"SBI Life Insurance Company Limited (SBILIFE)","Life Insurance","SBILIFE",1747931637166.00,-0.74,0.64,-0.74,1018504,84.03,0.00
"Hyundai Motor India Limited (HYUNDAI)","Passenger Cars & Utility Vehicles","Automobiles",1718524426500.00,2.64,-4.25,-5.26,1546794,33.82,0.00
"DLF Limited (DLF)","Residential, Commercial Projects","DLF",1690640169588.00,1.88,6.00,0.01,3573018,121.81,1.19
"Vedanta Aluminium Metal Limited (VAML)","Aluminium","VAML",1665825312282.00,-0.62,2.28,-4.88,5912626,0.00,0.00
"Adani Energy Solutions Limited (ADANIENSOL)","Power Distribution","Power",1636924555418.00,-0.15,-6.80,-16.06,1534753,79.45,0.00
"Wipro Limited (WIPRO)","Computers - Software & Consulting","WIPRO",1624658404962.64,0.23,-1.68,-8.92,9700283,22.66,13.34
"Tata Motors Limited (TMCV)","Commercial Vehicles","Agricultural Commercial & Construction Vehicles",1620427314880.00,1.00,-0.65,-7.35,6273947,38.45,0.89
"ICICI Prudential Asset Management Company Limited (ICICIAMC)","Asset Management Company","Capital Markets",1577673195840.00,0.49,-0.46,-3.03,186676,0.00,0.00
"Vodafone Idea Limited (IDEA)","Telecom - Cellular & Fixed line services","IDEA",1544971679114.26,0.99,2.44,-6.12,309260435,4.09,0.00
"Pidilite Industries Limited (PIDILITIND)","Specialty Chemicals","PIDILITIND",1544327062633.60,-0.32,-3.49,-8.11,503315,81.74,1.35
"Tech Mahindra Limited (TECHM)","Computers - Software & Consulting","TECHM",1517286263580.00,0.32,0.71,-3.24,939846,57.97,3.28
"Jio Financial Services Limited (JIOFIN)","Investment Company","Finance",1498913148421.00,-0.09,-1.26,-6.64,7741336,180.00,0.26
"ABB India Limited (ABB)","Heavy Electrical Equipment","ABB",1494483814687.50,-1.07,-3.00,-7.53,80574,101.05,0.14
"Varun Beverages Limited (VBL)","Other Beverages","Beverages",1470708671211.20,0.82,3.05,-0.73,5365431,77.47,0.00
"Bharat Heavy Electricals Limited (BHEL)","Heavy Electrical Equipment","BHEL",1458810442577.25,0.87,-4.76,0.47,6852409,59.46,0.33
"Tata Capital Limited (TATACAP)","Non Banking Financial Company (NBFC)","Finance",1439222846994.85,0.86,-3.50,-6.79,1484301,26.06,0.16
"Trent Limited (TRENT)","Speciality Retail","TRENT",1423356981059.30,-1.14,-5.48,-8.90,1054993,220.30,0.22
"Bosch Limited (BOSCHLTD)","Auto Components & Equipments","BOSCHLTD",1423186825000.00,1.05,2.66,-0.88,18852,49.12,0.56
"Cholamandalam Investment and Finance Company Limited (CHOLAFIN)","Non Banking Financial Company (NBFC)","CHOLAFIN",1420462221318.40,-1.13,-7.63,-11.23,2878656,31.10,0.15
"CG Power and Industrial Solutions Limited (CGPOWER)","Heavy Electrical Equipment","CGPOWER",1395848752274.00,-0.08,-0.67,0.85,964372,120.54,0.00
"Hitachi Energy India Limited (POWERINDIA)","Heavy Electrical Equipment","Electrical Equipment",1383303285705.00,1.04,-5.09,-6.80,130207,284.08,0.00
"Siemens Limited (SIEMENS)","Heavy Electrical Equipment","SIEMENS",1380679197885.00,0.92,-0.94,-5.22,80353,100.26,0.46
"Union Bank of India (UNIONBANK)","Public Sector Bank","UNIONBANK",1375575730381.40,0.42,2.06,-3.63,6466107,6.60,2.78
"Cummins India Limited (CUMMINSIND)","Compressors, Pumps & Diesel Engines","CUMMINSIND",1370754000000.00,-0.56,-3.03,-5.62,337303,65.70,1.32
"Punjab National Bank (PNB)","Public Sector Bank","PNB",1340077185048.80,-0.44,-0.57,0.58,8069096,11.65,2.54
"Bharat Petroleum Corporation Limited (BPCL)","Refineries & Marketing","BPCL",1338428943048.00,0.46,-1.75,-3.02,1893466,7.75,0.00
"BSE Limited (BSE)","Exchange and Data Platform","Capital Markets",1301762031745.50,0.24,-2.29,-3.38,4501619,67.84,0.31
"Apollo Hospitals Enterprise Limited (APOLLOHOSP)","Hospital","APOLLOHOSP",1278101816073.00,0.01,-0.62,0.00,438457,102.09,0.22
"Polycab India Limited (POLYCAB)","Cables - Electricals","POLYCAB",1267090217698.00,0.50,0.10,-7.58,296612,54.97,0.56
"Bajaj Holdings & Investment Limited (BAJAJHLDNG)","Holding Company","Finance",1217550999400.00,0.21,-3.03,-3.10,41708,73.05,1.70
"Bank of Baroda (BANKBARODA)","Public Sector Bank","BANKBARODA",1216614666231.54,0.41,0.14,-2.38,2493756,6.78,3.59
"LTM Limited (LTM)","Computers - Software & Consulting","LTM",1211104853643.00,1.11,-4.49,-9.83,302018,35.02,1.84
"Zydus Lifesciences Limited (ZYDUSLIFE)","Pharmaceuticals","ZYDUSLIFE",1200894863344.80,2.00,3.78,7.06,1991779,30.09,0.09
"Britannia Industries Limited (BRITANNIA)","Packaged Foods","BRITANNIA",1189287211500.00,0.87,-1.21,-8.27,107642,61.51,1.84
"JINDAL STEEL LIMITED (JINDALSTEL)","Iron & Steel","JINDALSTEL",1188198615385.60,0.60,4.05,0.93,423334,16.76,0.17
"Lenskart Solutions Limited (LENSKART)","Speciality Retail","LENSKART",1183163020782.00,0.63,-3.81,3.70,2373847,175.96,0.00
"Siemens Energy India Limited (ENRIN)","Heavy Electrical Equipment","Electrical Equipment",1182320076600.00,3.04,2.85,-2.05,462792,76.95,0.00
"Billionbrains Garage Ventures Limited (GROWW)","Stockbroking & Allied","Capital Markets",1174730969154.75,0.27,-2.35,-7.76,14081481,47.97,0.00
"Tata Power Company Limited (TATAPOWER)","Integrated Power Utilities","TATAPOWER",1174287283522.50,1.11,-1.95,-0.84,1727813,41.93,0.68
"LG Electronics India Limited (LGEINDIA)","Household Appliances","Consumer Durables",1171153885156.80,1.63,1.68,2.07,883000,63.15,0.00
"Lodha Developers Limited (LODHA)","Residential, Commercial Projects","Realty",1164225386840.00,0.60,1.77,-9.06,818279,65.91,0.37
"HDFC Life Insurance Company Limited (HDFCLIFE)","Life Insurance","HDFCLIFE",1153644748911.00,0.78,-3.62,-2.87,4285606,92.48,0.37
"Muthoot Finance Limited (MUTHOOTFIN)","Non Banking Financial Company (NBFC)","MUTHOOTFIN",1138163129460.00,0.34,-0.21,-11.43,312523,16.98,1.05
"GAIL (India) Limited (GAIL)","Gas Transmission/Marketing","GAIL",1135519708346.10,-0.66,-0.69,-1.60,5454851,16.01,3.18
"Canara Bank (CANBK)","Public Sector Bank","CANBK",1133740700987.40,-0.72,0.98,-2.97,8341932,6.08,3.33
"Cipla Limited (CIPLA)","Pharmaceuticals","CIPLA",1130759468265.90,0.05,0.37,-1.57,1166527,28.55,0.94
"Indian Bank (INDIANB)","Public Sector Bank","INDIANB",1120674032192.00,0.24,-0.93,-5.24,1035590,8.52,2.17
"Power Finance Corporation Limited (PFC)","Financial Institution","PFC",1115434394880.00,-0.40,-1.33,-7.90,8623661,7.65,5.36
"GE Vernova T&D India Limited (GVT&D)","Heavy Electrical Equipment","Electrical Equipment",1095879169800.00,-0.15,-2.39,2.27,325045,160.69,0.69
"SBI Funds Management Limited (SBIFUNDS)","Asset Management Company","SBIFUNDS",1085221751673.60,-1.20,-5.09,-2.96,924166,0.00,0.00
"Laurus Labs Limited (LAURUSLABS)","Pharmaceuticals","LAURUSLABS",1084406621526.00,-0.95,2.71,7.54,1442142,151.16,0.10
"One 97 Communications Limited (PAYTM)","Financial Technology (Fintech)","Financial Technology (Fintech)",1074051497376.00,-3.54,-9.51,-2.56,5174169,171.57,0.00
"Hero MotoCorp Limited (HEROMOTOCO)","2/3 Wheelers","HEROMOTOCO",1072756869520.00,1.21,1.41,-4.70,299598,26.65,3.43
"Tata Motors Passenger Vehicles Limited (TMPV)","Passenger Cars & Utility Vehicles","Automobiles",1069767883168.85,-1.54,-4.39,-7.57,22634929,10.59,1.00
"Aditya Birla Capital Limited (ABCAPITAL)","Investment Company","ABCAPITAL",1067713492560.00,-0.03,-4.89,-5.07,2752305,17.12,0.00
"Marico Limited (MARICO)","Edible Oil","MARICO",1064854340550.00,-0.67,1.88,-3.36,459905,54.19,0.48
"Indian Railway Finance Corporation Limited (IRFC)","Financial Institution","Finance",1044827054700.00,0.11,-1.90,-6.44,4701461,37.40,2.59
"Vedanta Limited (VEDL)","Diversified Metals","VEDL",1041531858981.95,-0.43,-0.47,-3.15,3768892,20.36,12.55
"United Spirits Limited (UNITDSPR)","Breweries & Distilleries","UNITDSPR",1035602144501.40,0.04,3.85,-8.14,362455,72.97,1.18
"The Indian Hotels Company Limited (INDHOTEL)","Hotels & Resorts","INDHOTEL",1034550542583.60,-0.27,-0.81,-0.44,1538596,71.70,0.44
"GMR AIRPORTS LIMITED (GMRAIRPORT)","Airport & Airport services","GMRAIRPORT",1034251694498.40,0.62,-1.36,-1.90,10108888,135.70,0.00
"Lloyds Metals And Energy Limited (LLOYDSME)","Industrial Minerals","Minerals & Mining",1031245534232.00,0.88,0.29,-0.69,317553,28.42,0.05
"Mankind Pharma Limited (MANKIND)","Pharmaceuticals","Pharmaceuticals & Biotechnology",1022245293241.00,-1.00,7.57,4.65,333769,43.63,0.00
"HDFC Asset Management Company Limited (HDFCAMC)","Asset Management Company","HDFCAMC",1020336540444.00,-0.10,-1.94,-11.86,363424,43.45,2.21
"Meesho Limited (MEESHO)","E-Retail/ E-Commerce","MEESHO",1005231481779.15,-6.78,1.33,5.32,31497166,0.00,0.00
"Dr. Reddy's Laboratories Limited (DRREDDY)","Pharmaceuticals","DRREDDY",1002451022285.00,0.05,1.35,0.63,1001238,19.80,0.66
"Indus Towers Limited (INDUSTOWER)","Telecom - Infrastructure","INDUSTOWER",988387676910.05,-1.37,-0.33,-3.25,2952516,16.95,18.19
"Max Healthcare Institute Limited (MAXHEALTH)","Hospital","Healthcare Services",986936594514.00,-3.06,-3.36,-0.20,1900715,80.30,0.00
"Aurobindo Pharma Limited (AUROPHARMA)","Pharmaceuticals","AUROPHARMA",985046956240.00,-0.23,-1.27,5.82,624705,23.80,0.23
"Bharat Forge Limited (BHARATFORG)","Auto Components & Equipments","BHARATFORG",981250649136.00,0.46,2.34,-2.17,549393,77.11,0.32
"TATA CONSUMER PRODUCTS LIMITED (TATACONSUM)","Tea & Coffee","TATACONSUM",973068296060.00,-0.31,-1.29,-7.29,885948,78.68,1.01
"Manipal Health Enterprises Limited (MANIPALHOS)","Hospital","MANIPALHOS",960225357460.00,-2.02,-1.21,-4.30,608591,0.00,0.00
"Lupin Limited (LUPIN)","Pharmaceuticals","LUPIN",956650621424.00,-0.41,0.43,-3.84,431672,41.81,0.00
"FSN E-Commerce Ventures Limited (NYKAA)","E-Retail/ E-Commerce","Retailing",955815179098.10,-0.48,0.47,-0.09,3537870,1271.36,0.00
"Ambuja Cements Limited (AMBUJACEM)","Cement & Cement Products","AMBUJACEM",953672835986.80,-0.08,-1.16,-7.09,1180134,37.65,0.51
"Oracle Financial Services Software Limited (OFSS)","Software Products","IT - Software",937885277790.00,-1.42,-9.47,-8.18,545314,39.86,3.69
"Ashok Leyland Limited (ASHOKLEY)","Commercial Vehicles","ASHOKLEY",934412782132.16,1.13,-2.40,-8.94,10274172,27.40,2.15
"JSW Energy Limited (JSWENERGY)","Power Generation","Power",928750679920.80,-0.68,-3.70,-7.63,1916836,61.75,0.38
"IDBI Bank Limited (IDBI)","Private Sector Bank","IDBI",909653224005.00,2.18,1.85,-4.20,18328262,16.43,2.52
"Godrej Consumer Products Limited (GODREJCP)","Personal Care","GODREJCP",900508358640.00,0.57,0.00,-5.29,288234,72.59,0.57
"Mazagon Dock Shipbuilders Limited (MAZDOCK)","Ship Building & Allied Services","Industrial Manufacturing",887274648000.00,-0.11,-3.53,-15.72,426521,38.39,1.08
"Multi Commodity Exchange of India Limited (MCX)","Exchange and Data Platform","MCX",847822385440.50,-3.00,1.99,1.37,2386852,0.00,0.24
"Persistent Systems Limited (PERSISTENT)","Computers - Software & Consulting","PERSISTENT",847433000000.00,1.80,-0.81,-5.00,307915,61.75,0.76
"JSW Infrastructure Limited (JSWINFRA)","Port & Port services","Transport Infrastructure",845557568664.30,0.37,4.21,5.51,3920526,59.04,0.25
"REC Limited (RECLTD)","Financial Institution","RECLTD",824067450800.00,1.52,0.30,-4.00,3896789,10.41,5.96
"Dixon Technologies (India) Limited (DIXON)","Consumer Electronics","DIXON",819074146540.00,0.68,2.96,-10.67,276046,161.27,0.08
"Info Edge (India) Limited (NAUKRI)","Internet & Catalogue Retail","NAUKRI",813638168880.00,2.52,0.29,-7.05,1135428,105.55,0.65
"SHREE CEMENT LIMITED (SHREECEM)","Cement & Cement Products","SHREECEM",812538444960.00,0.76,-0.35,-7.86,10112,41.88,0.67
"The Federal Bank  Limited (FEDERALBNK)","Private Sector Bank","FEDERALBNK",796492084444.00,-2.28,-3.23,-7.19,6128694,12.10,0.36
"Coforge Limited (COFORGE)","Computers - Software & Consulting","COFORGE",790272912560.00,-0.11,-3.10,-5.75,803153,49.58,0.67
"NTPC Green Energy Limited (NTPCGREEN)","Power Generation","Power",788704457018.40,-2.05,5.70,2.13,2331281,132.76,0.00
"ICICI Lombard General Insurance Company Limited (ICICIGI)","General Insurance","ICICIGI",776251508545.20,-1.48,6.56,-3.86,850179,57.46,0.00
"Oil India Limited (OIL)","Oil Exploration & Production","OIL",772882691893.65,-0.80,-0.12,1.64,666997,15.33,0.21
"AU Small Finance Bank Limited (AUBANK)","Other Bank","AUBANK",764507580770.00,1.79,-3.84,-9.80,2524193,26.46,0.00
"Steel Authority of India Limited (SAIL)","Iron & Steel","SAIL",764147178465.00,0.54,4.33,0.22,9681139,14.95,1.27
"NHPC Limited (NHPC)","Power Generation","Power",763422645180.00,-0.33,-1.23,-0.81,6481994,24.11,2.10
"SRF Limited (SRF)","Specialty Chemicals","SRF",752919055500.00,0.24,1.11,-1.36,105615,61.97,0.00
"Hindustan Petroleum Corporation Limited (HINDPETRO)","Refineries & Marketing","HINDPETRO",746865703818.00,0.17,-2.23,-5.95,4957719,9.63,5.35
"Welspun Corp Limited (WELCORP)","Iron & Steel Products","Industrial Products",745050297738.00,5.21,6.18,20.42,2763523,20.27,0.18
"Apar Industries Limited (APARINDS)","Other Electrical Equipment","Electrical Equipment",744908875230.00,-0.16,-5.66,4.64,85829,40.65,0.34
"Nippon Life India Asset Management Limited (NAM-INDIA)","Asset Management Company","NAM-INDIA",740528573174.00,1.06,0.17,-5.50,752030,33.60,1.85
"Bharti Hexacom Limited (BHARTIHEXA)","Telecom - Cellular & Fixed line services","Telecom - Services",739950000000.00,-1.69,-3.91,-7.09,76049,90.38,1.18
"Swiggy Limited (SWIGGY)","E-Retail/ E-Commerce","Retailing",731069045041.75,-0.97,-3.00,-7.85,9596392,0.00,0.00
"IDFC First Bank Limited (IDFCFIRSTB)","Private Sector Bank","IDFCFIRSTB",722540044576.80,0.05,-2.47,-1.41,20425204,18.82,0.28
"Waaree Energies Limited (WAAREEENER)","Other Electrical Equipment","Electrical Equipment",717690080825.00,0.52,-2.57,-6.03,616888,17.83,0.16
"LTF (LTF)","","",711804129880.00,0.71,-9.21,-11.11,6184736,0.00,0.00
"IndusInd Bank Limited (INDUSINDBK)","Private Sector Bank","INDUSINDBK",710732011534.40,-0.79,-5.60,-10.13,1426025,11.66,0.00
"The Phoenix Mills Limited (PHOENIXLTD)","Residential, Commercial Projects","Realty",707629874267.20,1.20,5.35,2.51,463656,44.06,0.00
"Yes Bank Limited (YESBANK)","Private Sector Bank","YESBANK",706240033447.50,0.27,-0.97,0.00,30426808,52.62,0.00
"UNO Minda Limited (UNOMINDA)","Auto Components & Equipments","Auto Components",703466710968.00,-0.52,-5.14,-2.82,272547,80.51,0.29
"NMDC Limited (NMDC)","Industrial Minerals","NMDC",702466222245.00,-1.14,0.95,-7.03,11080041,11.06,4.27
"Bajaj Housing Finance Limited (BAJAJHFL)","Housing Finance Company","Finance",691667096723.19,0.22,-3.00,-1.20,3121239,25.67,0.00
"Havells India Limited (HAVELLS)","Consumer Electronics","HAVELLS",688121351418.00,0.60,-3.17,-13.60,308307,81.57,0.91
"Dabur India Limited (DABUR)","Personal Care","DABUR",684037829225.60,-0.03,-2.44,-2.39,690022,59.44,2.13
"Oberoi Realty Limited (OBEROIRLTY)","Residential, Commercial Projects","OBEROIRLTY",675754757464.50,1.14,4.12,-1.14,638248,30.26,0.11
"Adani Total Gas Limited (ATGL)","LPG/CNG/PNG/LNG Supplier","Gas",671983960713.00,-0.12,-7.52,-4.57,547772,135.84,0.04
"ICICI Prudential Life Insurance Company Limited (ICICIPRULI)","Life Insurance","ICICIPRULI",671919850677.00,-0.32,-5.89,-9.22,1121971,264.21,0.34
"Glenmark Pharmaceuticals Limited (GLENMARK)","Pharmaceuticals","GLENMARK",671694719360.00,-2.07,-2.75,-0.83,785299,38.15,0.20
"Aster DM Quality Care Limited (ASTERDM)","Hospital","Healthcare Services",661381463091.25,-1.20,0.49,-0.85,1251211,54.93,0.39
"National Aluminium Company Limited (NATIONALUM)","Aluminium","NATIONALUM",658799821996.90,0.08,2.34,-9.83,1869148,16.06,0.55
"Bank of Maharashtra (MAHABANK)","Public Sector Bank","Banks",652859184156.00,3.03,1.60,3.89,12167444,9.69,2.62
"RBL Bank Limited (RBLBANK)","Private Sector Bank","RBLBANK",644009211739.05,0.56,-0.20,8.09,3419454,10.15,0.23
"Prestige Estates Projects Limited (PRESTIGE)","Residential, Commercial Projects","Realty",636533136849.60,0.19,2.98,-8.95,312842,43.85,0.13
"Torrent Power Limited (TORNTPOWER)","Integrated Power Utilities","TORNTPOWER",632902850008.00,0.84,-0.22,0.97,120680,35.67,1.59
"Fortis Healthcare Limited (FORTIS)","Hospital","Healthcare Services",632541684301.80,-4.50,-5.43,-9.32,2433292,56.01,0.11
"Alkem Laboratories Limited (ALKEM)","Pharmaceuticals","ALKEM",630585810000.00,-0.98,-3.52,-1.75,28742,31.50,0.98
"INDO-MIM Limited (INDOMIM)","Industrial Products","INDOMIM",628485232797.00,-2.68,20.37,42.83,1637687,0.00,0.00
"Bank of India (BANKINDIA)","Public Sector Bank","BANKINDIA",627995005436.04,0.13,-1.47,-4.20,1590019,8.12,3.33
"Schaeffler India Limited (SCHAEFFLER)","Auto Components & Equipments","Auto Components",625058376330.00,-0.41,-5.18,-0.09,20334,69.09,0.86
"Biocon Limited (BIOCON)","Pharmaceuticals","BIOCON",622787613690.25,-1.25,-0.74,-8.40,2694397,19.88,0.13
"Motilal Oswal Financial Services Limited (MOTILALOFS)","Stockbroking & Allied","Capital Markets",620463552177.00,0.68,1.88,1.73,866039,12.79,0.00
"Indian Overseas Bank (IOB)","Public Sector Bank","Banks",616596005235.90,0.19,-0.47,-3.06,1104893,40.95,0.00
"Jindal Stainless Limited (JSL)","Iron & Steel","Ferrous Metals",615841432236.00,1.26,-0.53,6.50,1774357,22.23,0.53
"APL Apollo Tubes Limited (APLAPOLLO)","Iron & Steel Products","Industrial Products",614930069553.50,1.37,-2.44,3.52,339098,54.33,0.39
"Radico Khaitan Limited (RADICO)","Breweries & Distilleries","Beverages",610571185925.80,1.69,0.48,-1.57,251300,82.89,0.20
"Ather Energy Limited (ATHERENERG)","2/3 Wheelers","Automobiles",592990442400.00,-0.13,-8.72,4.00,1896434,0.00,0.00
"General Insurance Corporation of India (GICRE)","General Insurance","Insurance",592460880000.00,-0.52,-3.79,-3.90,262473,9.81,3.85
"Kalyan Jewellers India Limited (KALYANKJIL)","Gems, Jewellery And Watches","Consumer Durables",591766306956.00,-0.10,-1.52,-6.46,2831344,90.24,0.43
"SBI Cards and Payment Services Limited (SBICARD)","Non Banking Financial Company (NBFC)","SBICARD",581644261497.60,-1.16,-6.14,-6.11,1310548,27.64,0.00
"Abbott India Limited (ABBOTINDIA)","Pharmaceuticals","ABBOTINDIA",573412414470.00,0.35,-1.05,2.16,2263,0.00,0.00
"Coromandel International Limited (COROMANDEL)","Fertilizers","COROMANDEL",573362338936.80,1.10,-2.82,1.55,49460,34.18,0.56
"Suzlon Energy Limited (SUZLON)","Heavy Electrical Equipment","SUZLON",560819950089.60,0.15,-5.42,-12.73,57074067,118.65,0.00
"PB Fintech Limited (POLICYBZR)","Financial Technology (Fintech)","Financial Technology (Fintech)",539569712330.00,-3.41,-33.10,-35.16,41589859,628.88,0.00
"HDB Financial Services Limited (HDBFS)","Non Banking Financial Company (NBFC)","Finance",538335677880.00,-1.94,-7.22,-5.76,255839,19.89,0.45
"Berger Paints (I) Limited (BERGEPAINT)","Paints","BERGEPAINT",531813882553.20,1.99,-0.56,-10.54,219110,54.59,0.87
"MRF Limited (MRF)","Tyres & Rubber Products","MRF",525414000555.00,0.04,-1.42,-6.36,2338,28.22,0.00
"Linde India Limited (LINDEINDIA)","Industrial Gases","Chemicals & Petrochemicals",524071550335.00,-0.87,-1.55,-5.37,9751,148.00,0.32
"Sona BLW Precision Forgings Limited (SONACOMS)","Auto Components & Equipments","Auto Components",514593885588.00,1.00,2.04,1.94,3101062,70.73,0.41
"Godrej Properties Limited (GODREJPROP)","Residential, Commercial Projects","GODREJPROP",512115167549.70,1.73,0.53,-17.03,273610,67.27,0.59
"Colgate Palmolive (India) Limited (COLPAL)","Personal Care","COLPAL",504750939577.20,0.05,-3.23,-1.12,359623,66.55,1.06
"Piramal Finance Limited (PIRAMALFIN)","Non Banking Financial Company (NBFC)","Finance",503785921474.00,1.82,-7.44,-2.39,307942,0.00,0.00
"Max Financial Services Limited (MFSL)","Life Insurance","MFSL",503177336118.00,3.40,-6.48,-8.45,3617694,94.67,0.00
"Fertilizers and Chemicals Travancore Limited (FACT)","Fertilizers","Fertilizers & Agrochemicals",502774923798.00,0.01,1.67,-11.31,64010,164.05,0.05
"Sundaram Finance Limited (SUNDARMFIN)","Non Banking Financial Company (NBFC)","Finance",498523019820.00,-1.83,-5.15,-0.69,35762,29.07,0.86
"IPCA Laboratories Limited (IPCALAB)","Pharmaceuticals","IPCALAB",496955822218.40,-1.32,-2.53,1.57,263825,72.23,0.31
"Anthem Biosciences Limited (ANTHEM)","Biotechnology","ANTHEM",493087039375.00,-1.36,-5.76,0.03,373411,86.65,0.00
"Gujarat Fluorochemicals Limited (FLUOROCHEM)","Specialty Chemicals","Chemicals & Petrochemicals",488283250000.00,-0.77,-3.09,-3.50,37518,85.70,0.07
"Tube Investments of India Limited (TIINDIA)","Auto Components & Equipments","Auto Components",486079452752.00,-1.16,-3.42,-13.05,78988,62.62,0.14
"Vishal Mega Mart Limited (VMM)","Diversified Retail","Retailing",484877694136.50,-1.86,0.83,-8.00,9381538,55.39,0.00
"Gland Pharma Limited (GLAND)","Pharmaceuticals","GLAND",480181585140.00,0.68,-1.75,3.02,124312,46.50,0.69
"Aegis Logistics Limited (AEGISLOG)","Trading - Gas","Gas",479466000000.00,-0.31,-3.49,3.36,290729,37.62,0.62
"Hindustan Copper Limited (HINDCOPPER)","Copper","HINDCOPPER",479063699508.00,-0.21,-0.40,-6.99,3649150,80.91,0.56
"GlaxoSmithKline Pharmaceuticals Limited (GLAXO)","Pharmaceuticals","Pharmaceuticals & Biotechnology",475607440455.00,-0.48,-1.10,-5.26,15380,67.71,1.98
"Tata Communications Limited (TATACOMM)","Telecom - Cellular & Fixed line services","TATACOMM",474667595595.00,-0.21,-6.47,-2.05,126901,70.75,0.00
"Authum Investment & Infrastructure Limited (AIIL)","Non Banking Financial Company (NBFC)","Finance",473018603500.00,1.45,-0.36,-1.70,338399,7.66,0.00
"UPL Limited (UPL)","Pesticides & Agrochemicals","UPL",464335333365.90,0.08,-5.16,-5.97,2067628,19.97,1.08
"M&MFIN (M&MFIN)","Non Banking Financial Company (NBFC)","M&MFIN",463281204070.00,-2.00,-5.68,-12.64,1662139,18.31,2.15
"Supreme Industries Limited (SUPREMEIND)","Plastic Products - Industrial","Industrial Products",450945388500.00,3.38,-0.85,-1.20,112619,64.64,1.03
"KEI Industries Limited (KEI)","Cables - Electricals","Industrial Products",446789380732.50,0.80,0.51,-16.37,140880,63.69,0.10
"Ajanta Pharma Limited (AJANTPHARM)","Pharmaceuticals","Pharmaceuticals & Biotechnology",442354944960.00,0.23,-0.66,-0.42,46112,44.88,0.78
"Navin Fluorine International Limited (NAVINFLUOR)","Specialty Chemicals","NAVINFLUOR",439678229928.00,1.46,-0.21,4.42,107462,80.37,0.18
"Aditya Infotech Limited (CPPLUS)","Industrial Products","Industrial Manufacturing",439604416460.00,-2.96,10.76,9.50,165927,94.19,0.04
"Patanjali Foods Limited (PATANJALI)","Edible Oil","Agricultural Food & other Products",439541466950.25,-0.22,10.07,15.12,1648377,68.30,0.85
"360 ONE WAM LIMITED (360ONE)","Stockbroking & Allied","Capital Markets",437691936600.00,-0.72,-0.01,-11.32,738050,40.58,1.62
"Rail Vikas Nigam Limited (RVNL)","Civil Construction","Construction",431599160700.00,0.49,-3.40,-5.22,2405229,88.50,0.81
"Petronet LNG Limited (PETRONET)","LPG/CNG/PNG/LNG Supplier","PETRONET",429750025212.00,-0.03,-2.08,-2.05,880374,14.56,0.00
"MphasiS Limited (MPHASIS)","Computers - Software & Consulting","MPHASIS",426582396062.00,-0.63,-2.89,-8.14,197680,32.69,2.74
"Balkrishna Industries Limited (BALKRISIND)","Tyres & Rubber Products","BALKRISIND",421431474200.00,0.81,-3.77,-7.87,114990,33.75,0.73
"Page Industries Limited (PAGEIND)","Garments & Apparels","PAGEIND",420445280430.00,0.52,3.56,6.18,15467,79.04,0.00
"Bharat Dynamics Limited (BDL)","Aerospace & Defense","Aerospace & Defense",417881250000.00,-1.30,-4.73,-16.17,936577,85.21,0.00
"Thermax Limited (THERMAX)","Heavy Electrical Equipment","Electrical Equipment",411089235000.00,1.21,-2.87,-13.75,71452,85.21,0.58
"Premier Energies Limited (PREMIERENE)","Other Electrical Equipment","Electrical Equipment",406922133564.00,-0.18,-0.62,-13.47,455438,24.35,0.11
"Poonawalla Fincorp Limited (POONAWALLA)","Non Banking Financial Company (NBFC)","Finance",406473725579.20,-1.12,-3.71,-3.02,1477854,23.14,0.00
"Global Health Limited (MEDANTA)","Hospital","MEDANTA",402501057654.00,-0.72,-0.16,6.59,158143,60.23,0.03
"Physicswallah Limited (PWL)","E-Learning","PWL",386366174656.00,1.30,-2.64,9.60,6520141,0.00,0.00
"JK Cement Limited (JKCEMENT)","Cement & Cement Products","JKCEMENT",386341255000.00,-3.56,-1.27,-3.80,23835,38.20,0.39
"Narayana Hrudayalaya Ltd. (NH)","Hospital","Healthcare Services",382563425088.00,-0.87,-2.93,-0.96,88949,30.64,0.23
"3M India Limited (3MINDIA)","Diversified","Diversified",380759366000.00,-1.92,-0.87,0.31,2731,69.50,1.98
"K.P.R. Mill Limited (KPRMILL)","Other Textile Products","Textiles & Apparels",378388098000.00,-0.66,-3.01,-1.16,79073,37.77,0.44
"Astral Limited (ASTRAL)","Plastic Products - Industrial","ASTRAL",375841578037.00,0.50,-2.01,-9.16,358868,95.36,0.29
"Godrej Industries Limited (GODREJIND)","Diversified","GODREJIND",370536160500.00,0.57,-0.67,-5.65,262360,46.68,0.00
"Voltas Limited (VOLTAS)","Household Appliances","VOLTAS",369995316268.00,0.43,0.66,-10.04,368727,88.66,0.35
"Endurance Technologies Limited (ENDURANCE)","Auto Components & Equipments","Auto Components",369380638848.00,-0.65,-3.88,-12.10,108756,52.68,0.43
"Wockhardt Limited (WOCKPHARMA)","Pharmaceuticals","Pharmaceuticals & Biotechnology",367866021399.10,-0.97,8.52,19.18,689934,89.79,0.00
"Indian Railway Catering And Tourism Corporation Limited (IRCTC)","Tour, Travel Related Services","IRCTC",367200000000.00,-0.54,-3.72,-4.88,362569,64.09,0.00
"Emcure Pharmaceuticals Limited (EMCURE)","Pharmaceuticals","EMCURE",367090101945.00,-0.08,-3.43,4.77,32384,36.34,0.18
"AIA Engineering Limited (AIAENG)","Castings & Forgings","Industrial Products",364994631144.00,-0.86,-1.56,-8.35,19038,40.50,0.40
"PI Industries Limited (PIIND)","Pesticides & Agrochemicals","PIIND",364123483200.00,0.27,1.40,-4.31,446431,38.73,0.63
"NLC India Limited (NLCINDIA)","Power Generation","Power",363437455218.90,-0.27,-2.49,-3.39,815195,18.39,1.44
"Cupid Limited (CUPID)","Personal Care","Personal Products",363192855070.00,1.39,1.92,-4.14,13680181,32.28,0.00
"Cochin Shipyard Limited (COCHINSHIP)","Ship Building & Allied Services","Industrial Manufacturing",362262234060.00,0.51,-1.50,-9.32,421803,71.21,0.66
"Exide Industries Limited (EXIDEIND)","Auto Components & Equipments","EXIDEIND",360485000000.00,-0.68,-2.70,-5.49,1864971,48.26,0.47
"Anand Rathi Wealth Limited (ANANDRATHI)","Financial Products Distributor","Capital Markets",353667900840.00,-1.87,-4.46,-1.59,436268,61.65,0.60
"Container Corporation of India Limited (CONCOR)","Logistics Solution Provider","CONCOR",351486677002.50,-1.03,-8.53,-10.56,704143,47.77,1.85
"Housing & Urban Development Corporation Limited (HUDCO)","Financial Institution","Finance",347629935000.00,-0.19,-0.73,-6.75,836257,26.95,3.40
"Himadri Speciality Chemical Limited (HSCL)","Carbon Black","Chemicals & Petrochemicals",342858151912.50,0.57,0.61,2.99,1351330,52.06,0.12
"L&T Technology Services Limited (LTTS)","IT Enabled Services","LTTS",340536920280.00,-0.09,-4.11,-10.04,23468,39.23,1.79
"Sai Life Sciences Limited (SAILIFE)","Pharmaceuticals","Pharmaceuticals & Biotechnology",338747535098.40,-0.17,-0.35,9.58,265877,93.64,0.00
"ITC Hotels Limited (ITCHOTELS)","Hotels & Resorts","Leisure Services",337342784289.55,-1.29,1.98,-2.58,1253849,39.29,0.62
"Syrma SGS Technology Limited (SYRMA)","Industrial Products","Industrial Manufacturing",333635305147.00,2.00,0.08,18.66,1026235,61.36,0.09
"Crisil Limited (CRISIL)","Other Financial Services","Finance",330679310870.60,0.37,-1.22,0.93,36310,50.18,0.61
"Tata Investment Corporation Limited (TATAINVEST)","Investment Company","Finance",330387282880.00,-1.03,-7.03,1.34,268798,103.36,0.50
"United Breweries Limited (UBL)","Breweries & Distilleries","UBL",329924744922.20,-1.49,-0.30,-7.47,168060,113.36,0.80
"Star Health and Allied Insurance Company Limited (STARHEALTH)","General Insurance","Insurance",327863355783.00,1.41,1.82,-4.44,1280937,38.98,0.00
"Dr. Lal Path Labs Ltd. (LALPATHLAB)","Healthcare Service Provider","LALPATHLAB",326969501360.00,-0.46,2.69,1.79,452137,69.70,0.21
"Krishna Institute of Medical Sciences Limited (KIMS)","Hospital","Healthcare Services",326870046173.00,-2.54,-3.90,0.74,346140,67.94,0.00
"PTC Industries Limited (PTCIL)","Castings & Forgings","Industrial Products",326762605455.00,-0.05,-4.43,3.22,10588,570.21,0.00
"Blue Star Limited (BLUESTARCO)","Household Appliances","Consumer Durables",321787143220.00,2.62,2.17,3.30,570933,66.64,0.55
"Dhoot Transmission Limited (DHOOTTRANS)","Auto Components & Equipments","DHOOTTRANS",319913161148.00,-1.71,-1.68,2.78,548949,0.00,0.00
"Jubilant Foodworks Limited (JUBLFOOD)","Restaurants","JUBLFOOD",319727991660.00,1.18,-3.09,-5.91,945073,196.03,0.25
"Dalmia Bharat Limited (DALBHARAT)","Cement & Cement Products","DALBHARAT",319518600935.50,-1.22,-3.29,-6.61,254282,34.22,0.52
"Escorts Kubota Limited (ESCORTS)","Tractors","ESCORTS",318851598900.00,1.16,1.85,-7.01,42484,39.64,1.82
"Indian Renewable Energy Development Agency Limited (IREDA)","Financial Institution","Finance",318061164162.96,2.82,-0.96,-6.13,13343910,34.48,1.22
"Aegis Vopak Terminals Limited (AEGISVOPAK)","Oil Storage & Transportation","Oil",318048956917.45,-0.55,-8.86,7.23,673754,123.80,0.07
"Redington Limited (REDINGTON)","Trading & Distributors","Commercial Services & Supplies",317791306201.50,0.21,1.66,15.27,2473777,12.99,1.50
"Delhivery Limited (DELHIVERY)","Logistics Solution Provider","Transport Services",316726729776.30,-0.84,-1.24,-5.64,3334319,342.00,0.00
"Karur Vysya Bank Limited (KARURVYSYA)","Private Sector Bank","Banks",316065508803.00,0.91,-1.55,-5.49,1233878,10.07,0.00
"Manappuram Finance Limited (MANAPPURAM)","Non Banking Financial Company (NBFC)","MANAPPURAM",313738258068.00,2.79,4.65,-9.10,4493331,8.09,0.16
"Inventurus Knowledge Solutions Limited (IKS)","IT Enabled Services","IKS",313532790756.60,-2.81,2.67,2.04,224086,41.97,0.00
"LIC Housing Finance Limited (LICHSGFIN)","Housing Finance Company","LICHSGFIN",311335658000.00,0.31,3.26,11.86,1070523,7.50,1.75
"Kirloskar Oil Engines Limited (KIRLOSENG)","Compressors, Pumps & Diesel Engines","Industrial Products",311005031968.80,-1.26,-1.06,5.32,166543,39.06,0.32
"Acme Solar Holdings Limited (ACMESOLAR)","Power Generation","Power",310777301822.40,-0.84,1.01,10.11,3082821,52.41,0.04
"Nuvama Wealth Management Limited (NUVAMA)","Stockbroking & Allied","Capital Markets",309063779075.00,-0.83,-2.26,-4.54,674021,30.35,0.83
"Godfrey Phillips India Limited (GODFRYPHLP)","Cigarettes & Tobacco Products","GODFRYPHLP",307346459904.00,-0.18,-2.36,-6.48,68917,32.08,2.50
"Hexaware Technologies Limited (HEXT)","Computers - Software & Consulting","IT - Software",304285964016.00,-0.53,-5.06,-10.58,62991,22.71,0.00
"Shyam Metalics and Energy Limited (SHYAMMETL)","Iron & Steel Products","Industrial Products",303667542878.70,-1.12,-1.10,8.12,591086,18.78,0.24
"Bandhan Bank Limited (BANDHANBNK)","Private Sector Bank","BANDHANBNK",302412357219.60,2.62,7.26,8.18,10120013,12.34,0.00
"UCO Bank (UCOBANK)","Public Sector Bank","Banks",300197041957.26,0.67,0.80,-8.10,2615016,30.88,1.62
"Honeywell Automation India Limited (HONAUT)","Industrial Products","HONAUT",299108723090.00,0.71,-4.56,-7.92,1266,84.38,0.00
"Aditya Birla Sun Life AMC Limited (ABSLAMC)","Asset Management Company","Capital Markets",294248656616.20,-0.95,-4.10,1.51,112917,24.15,2.48
"Sansera Engineering Limited (SANSERA)","Auto Components & Equipments","Auto Components",291424662560.00,1.23,9.63,23.20,315334,39.21,0.09
"The New India Assurance Company Limited (NIACL)","General Insurance","Insurance",290690720000.00,-2.11,-6.01,-5.82,1637051,36.82,0.78
"Schneider Electric Infrastructure Limited (SCHNEIDER)","Heavy Electrical Equipment","Electrical Equipment",289554986385.00,-0.76,-0.21,5.64,169734,104.04,0.00
"Mangalore Refinery and Petrochemicals Limited (MRPL)","Refineries & Marketing","MRPL",288653018571.90,0.07,-0.41,-4.16,3244699,13.74,2.41
"R R Kabel Limited (RRKABEL)","Cables - Electricals","Industrial Products",286145617099.50,-0.06,3.23,-9.69,206897,63.94,0.38
"Tata Technologies Limited (TATATECH)","IT Enabled Services","IT - Services",286043211643.50,-2.05,-2.49,-11.78,652847,50.26,1.63
"PNB Housing Finance Limited (PNBHOUSING)","Housing Finance Company","Finance",285554204343.70,0.04,-3.37,-7.37,399362,13.63,0.70
"Central Bank of India (CENTRALBK)","Public Sector Bank","Banks",281679607646.88,-0.03,-1.92,1.27,3133875,16.91,3.79
"Neuland Laboratories Limited (NEULANDLAB)","Pharmaceuticals","Pharmaceuticals & Biotechnology",281359465770.00,-0.07,-3.98,-4.44,41988,46.62,0.15
"Craftsman Automation Limited (CRAFTSMAN)","Auto Components & Equipments","Auto Components",281264772482.00,0.23,-3.45,3.65,39510,40.64,0.10
"Piramal Pharma Limited (PPLPHARMA)","Pharmaceuticals","Pharmaceuticals & Biotechnology",279250270267.50,1.05,0.76,0.98,3361746,0.00,0.00
"Rubicon Research Limited (RUBICON)","Pharmaceuticals","RUBICON",276769350176.00,0.01,-4.52,-2.15,128501,96.26,0.00
"Central Depository Services (India) Limited (CDSL)","Depositories Clearing Houses and Other Intermediaries","Capital Markets",275462000000.00,-0.15,-5.18,-5.51,1248040,56.09,0.94
"Netweb Technologies India Limited (NETWEB)","IT Enabled Services","IT - Services",271021385009.00,-2.50,-2.26,-13.55,696170,155.90,0.06
"Acutaas Chemicals Limited (ACUTAAS)","Pharmaceuticals","Pharmaceuticals & Biotechnology",267939620969.40,-0.34,-4.87,-1.23,153473,54.90,0.08
"ZF Commercial Vehicle Control Systems India Limited (ZFCVINDIA)","Auto Components & Equipments","Auto Components",267602262105.60,0.37,-1.49,-9.67,34703,72.36,0.00
"Garden Reach Shipbuilders & Engineers Limited (GRSE)","Aerospace & Defense","Aerospace & Defense",265279521600.00,-1.07,-3.98,-11.19,252777,62.58,0.00
"Cholamandalam Financial Holdings Limited (CHOLAHLDNG)","Investment Company","Finance",263245223977.80,-2.23,-7.02,-9.47,328724,6.70,0.09
"Angel One Limited (ANGELONE)","Stockbroking & Allied","Capital Markets",263242513728.00,-0.93,-3.71,-4.29,2892227,15.84,0.01
"IIFL Finance Limited (IIFL)","Non Banking Financial Company (NBFC)","Finance",262467971755.50,-0.10,2.46,-7.70,843724,9.67,1.26
"Urban Company Limited (URBANCO)","E-Retail/ E-Commerce","URBANCO",260721052743.18,-1.33,-0.03,-0.13,2063119,0.00,0.00
"Hatsun Agro Product Limited (HATSUN)","Dairy Products","Food Products",260147702197.20,2.72,2.53,13.33,44714,86.68,0.52
"TVS Holdings Limited (TVSHLTD)","Investment Company","Finance",255430313000.00,0.80,-1.46,-6.94,2997,14.17,0.68
"Apollo Tyres Limited (APOLLOTYRE)","Tyres & Rubber Products","APOLLOTYRE",254167398589.20,0.54,-2.22,-9.33,316665,18.28,1.48
"Sundram Fasteners Limited (SUNDRMFAST)","Auto Components & Equipments","Auto Components",247951476600.00,0.56,-3.92,-2.24,66426,51.83,0.00
"Data Patterns (India) Limited (DATAPATTNS)","Aerospace & Defense","Aerospace & Defense",247337175042.00,0.53,-2.11,-2.74,233402,86.44,0.23
"Prime Focus Limited (PFOCUS)","Media & Entertainment","Entertainment",246092546080.00,-1.04,-8.23,4.38,4224123,170.98,0.00
"Gabriel India Limited (GABRIEL)","Auto Components & Equipments","Auto Components",245818041901.00,-0.76,4.93,3.05,141245,40.51,0.35
"Amber Enterprises India Limited (AMBER)","Household Appliances","Consumer Durables",245463658320.00,0.71,-2.32,-6.35,99885,79.95,0.00
"Kaynes Technology India Limited (KAYNES)","Industrial Products","Industrial Manufacturing",244676487100.00,4.00,3.84,-7.27,1327893,131.14,0.00
"Capri Global Capital Limited (CGCL)","Non Banking Financial Company (NBFC)","Finance",244146567857.50,-2.20,-6.24,5.87,984973,43.63,0.07
"Asahi India Glass Limited (ASAHIINDIA)","Auto Components & Equipments","Auto Components",243965322744.00,-0.56,-0.42,0.12,75822,52.25,0.21
"Carborundum Universal Limited (CARBORUNIV)","Abrasives & Bearings","Industrial Products",243827840981.60,-1.39,13.83,15.65,356177,69.09,0.28
"SJVN Limited (SJVN)","Power Generation","Power",243057831573.75,-0.77,-3.28,-6.09,1907772,65.48,2.37
"ITI Limited (ITI)","Telecom - Equipment & Accessories","Telecom - Equipment & Accessories",242927551274.10,0.74,-1.56,-9.29,96575,74.57,0.00
"Jyoti CNC Automation Limited (JYOTICNC)","Industrial Products","Industrial Manufacturing",241750751048.00,-0.69,1.27,7.38,793087,98.82,0.00
"Timken India Limited (TIMKEN)","Abrasives & Bearings","Industrial Products",241151261204.00,-1.56,2.62,2.38,14197,73.38,0.08
"Metro Brands Limited (METROBRAND)","Footwear","Consumer Durables",240034437196.50,-0.29,-6.41,-4.51,120763,86.60,0.66
"AWL Agri Business Limited (AWL)","Edible Oil","Agricultural Food & other Products",239127866533.95,-0.19,-1.60,-8.30,1439611,82.03,0.54
"Belrise Industries Limited (BELRISE)","Auto Components & Equipments","Auto Components",238886523993.00,1.76,2.84,8.36,3073786,46.49,0.22
"Kalpataru Projects International Limited (KPIL)","Civil Construction","Construction",236707826010.60,-0.60,-4.11,0.12,128530,41.30,0.78
"Aether Industries Limited (AETHER)","Specialty Chemicals","Chemicals & Petrochemicals",235193741340.00,7.34,8.71,8.45,1686153,73.98,0.00
"Go Digit General Insurance Limited (GODIGIT)","General Insurance","Insurance",234986723828.00,1.36,6.28,-1.85,365201,83.40,0.00
"TD Power Systems Limited (TDPOWERSYS)","Heavy Electrical Equipment","Electrical Equipment",234873821662.00,1.29,-1.58,3.06,1040836,54.06,0.00
"ACC Limited (ACC)","Cement & Cement Products","ACC",231917269805.00,0.02,-1.96,-5.43,45301,22.16,0.60
"Gillette India Limited (GILLETTE)","Personal Care","Personal Products",231273577657.50,-0.65,0.35,-4.59,22019,66.24,0.00
"Procter & Gamble Hygiene and Health Care Limited (PGHH)","Personal Care","Personal Products",228036670400.00,-0.78,-6.16,-13.15,15709,74.36,0.00
"Motherson Sumi Wiring India Limited (MSUMI)","Auto Components & Equipments","Auto Components",227200736625.48,-1.18,-3.95,-6.95,11196717,47.58,1.66
"FORCE MOTORS LTD (FORCEMOT)","Passenger Cars & Utility Vehicles","Automobiles",226616308632.00,1.44,-0.57,-0.25,64737,21.74,0.29
"HBL Engineering Limited (HBLENGINE)","Other Industrial Products","Industrial Products",224666503733.00,3.96,6.64,16.69,5199842,58.68,0.13
"Finolex Cables Limited (FINCABLES)","Cables - Electricals","Industrial Products",224056140425.00,-1.29,3.81,16.28,501380,44.23,0.61
"NBCC (India) Limited (NBCC)","Civil Construction","NBCC",223722000000.00,0.63,0.56,-7.42,3865127,59.82,1.30
"Emmvee Photovoltaic Power Limited (EMMVEE)","Other Electrical Equipment","Electrical Equipment",223246655890.85,1.35,-1.69,-3.37,2471556,0.00,0.00
"Sumitomo Chemical India Limited (SUMICHEM)","Pesticides & Agrochemicals","Fertilizers & Agrochemicals",222918485697.60,-0.74,-3.09,-14.36,105623,61.67,0.28
"Affle 3i Limited (AFFLE)","IT Enabled Services","IT - Services",221532831340.00,-0.64,-1.93,-8.08,113281,68.94,0.00
"Anant Raj Limited (ANANTRAJ)","Residential, Commercial Projects","Realty",221504250415.00,-1.07,1.54,0.38,1198697,57.49,0.16
"GUJARAT ENERGY LIMITED (GUJENERGY)","LPG/CNG/PNG/LNG Supplier","GUJENERGY",221328657279.10,0.13,-3.57,-8.03,451419,35.16,3.75
"City Union Bank Limited (CUB)","Private Sector Bank","CUB",221094171936.55,2.29,-5.36,0.70,1484087,11.59,0.00
"SPR Auto Technologies Limited (SHRIPISTON)","Auto Components & Equipments","Auto Components",220942452163.20,4.86,4.08,2.88,110008,18.47,0.00
"Grindwell Norton Limited (GRINDWELL)","Abrasives & Bearings","Industrial Products",218672000000.00,-0.42,4.19,-1.54,9040,70.40,0.00
"Cemindia Projects Limited (CEMPRO)","Civil Construction","Construction",216435177081.60,-0.89,-0.28,-1.56,111230,30.84,0.00
"Deepak Nitrite Limited (DEEPAKNTR)","Specialty Chemicals","DEEPAKNTR",216319363026.00,-0.86,-0.02,-9.42,69925,51.23,0.46
"Granules India Limited (GRANULES)","Pharmaceuticals","Pharmaceuticals & Biotechnology",215546151731.85,1.83,-0.65,2.83,597420,33.94,0.20
"Caplin Point Laboratories Limited (CAPLIPOINT)","Pharmaceuticals","Pharmaceuticals & Biotechnology",215493158160.00,-1.13,3.14,14.69,181149,24.56,0.25
"IRB Infrastructure Developers Limited (IRB)","Civil Construction","Construction",214263720000.00,-1.12,-4.00,-5.69,8219678,40.64,1.44
"The Great Eastern Shipping Company Limited (GESHIP)","Shipping","Transport Services",214150741500.00,0.98,4.74,11.72,454472,6.74,2.37
"Welspun Living Limited (WELSPUNLIV)","Other Textile Products","Textiles & Apparels",212578763175.14,1.06,4.82,18.24,2858135,24.91,0.04
"SAGILITY LIMITED (SAGILITY)","IT Enabled Services","IT - Services",209208566776.97,-0.69,-2.12,3.88,9623863,21.21,0.22
"CREDITACCESS GRAMEEN LIMITED (CREDITACC)","Microfinance Institutions","Finance",208212577326.00,-1.24,-6.50,-8.34,109014,13.28,0.00
"KIOCL Limited (KIOCL)","Sponge Iron","Ferrous Metals",207182348626.40,0.03,0.07,-10.24,59387,532.49,0.00
"Tenneco Clean Air India Limited (TENNIND)","Auto Components & Equipments","Auto Components",206645406208.00,0.78,-1.14,-6.25,471856,0.00,0.00
"Chennai Petroleum Corporation Limited (CHENNPETRO)","Refineries & Marketing","CHENNPETRO",205199909200.00,0.27,-2.72,-1.66,1115488,5.50,3.89
"The Ramco Cements Limited (RAMCOCEM)","Cement & Cement Products","RAMCOCEM",203825806988.00,-0.52,-0.82,-5.12,301245,54.15,0.28
"Pine Labs Limited (PINELABS)","Financial Technology (Fintech)","PINELABS",203459797009.70,-1.53,-8.18,7.72,17665754,162.54,0.00
"Indraprastha Gas Limited (IGL)","LPG/CNG/PNG/LNG Supplier","IGL",202664231616.00,-0.54,-2.56,-2.64,975286,23.70,3.23
"Sun TV Network Limited (SUNTV)","TV Broadcasting & Software Production","SUNTV",202441269294.00,0.10,13.73,9.55,791506,17.15,2.55
"Allied Blenders and Distillers Limited (ABDL)","Breweries & Distilleries","Beverages",199852902889.50,0.41,10.33,12.80,4070753,94.99,0.82
"Castrol India Limited (CASTROLIND)","Lubricants","CASTROLIND",199397181390.56,3.53,2.26,7.87,13237379,28.52,0.00
"IFCI Limited (IFCI)","Financial Institution","Finance",198975113344.35,-1.65,-3.48,-11.29,36139840,69.53,0.00
"Tata Elxsi Limited (TATAELXSI)","Computers - Software & Consulting","TATAELXSI",198562134123.90,0.10,-2.44,-13.07,177199,54.05,0.34
"Shilpa Medicare Limited (SHILPAMED)","Pharmaceuticals","Pharmaceuticals & Biotechnology",197537634160.00,0.61,-1.09,17.23,604526,140.28,0.06
"Ratnamani Metals & Tubes Limited (RATNAMANI)","Iron & Steel Products","Industrial Products",195206220000.00,-1.63,-2.59,2.71,25715,40.53,0.36
"INOX India Limited (INOXINDIA)","Other Industrial Products","Industrial Products",194774091669.80,4.46,2.07,12.75,377035,45.87,0.09
"Brigade Enterprises Limited (BRIGADE)","Residential, Commercial Projects","Realty",194744166022.70,-1.37,-3.99,-9.68,242813,57.28,0.32
"Aadhar Housing Finance Limited (AADHARHFC)","Housing Finance Company","Finance",194252007866.70,-0.49,-4.02,-6.72,440466,27.07,0.00
"Happy Forgings Limited (HAPPYFORGE)","Castings & Forgings","Industrial Products",193994355030.00,-1.02,-4.34,-4.47,37247,37.21,0.19
"Chalet Hotels Limited (CHALET)","Hotels & Resorts","Leisure Services",191948352315.50,-1.51,1.25,-1.96,71076,68.79,0.23
"Kajaria Ceramics Limited (KAJARIACER)","Ceramics","Consumer Durables",190928805750.00,-0.30,1.02,0.09,251382,53.79,1.15
"Elgi Equipments Limited (ELGIEQUIP)","Compressors, Pumps & Diesel Engines","Industrial Products",190795073082.80,-0.95,-1.23,-1.34,213480,61.19,0.44
"Bayer Cropscience Limited (BAYERCROP)","Pesticides & Agrochemicals","Fertilizers & Agrochemicals",185907904109.20,-0.50,-1.83,-9.27,17650,0.00,0.00
"CESC Limited (CESC)","Integrated Power Utilities","CESC",185566604495.70,-0.02,-1.09,-9.10,2429335,19.59,4.21
"EIH Limited (EIHOTEL)","Hotels & Resorts","Leisure Services",184107215180.80,-0.74,-7.39,-2.76,120396,38.36,0.50
"TBO Tek Limited (TBOTEK)","Tour, Travel Related Services","Leisure Services",183730535604.00,0.57,-1.09,-1.92,52783,105.65,0.00
"Onesource Specialty Pharma Limited (ONESOURCE)","Pharmaceuticals","Pharmaceuticals & Biotechnology",183476625600.00,0.50,0.32,5.53,227395,0.00,0.00
"Pfizer Limited (PFIZER)","Pharmaceuticals","PFIZER",183219666660.00,-1.12,0.06,-15.83,15786,44.29,0.38
"LMW Limited (LMW)","Industrial Products","Industrial Manufacturing",183106620000.00,-0.02,-3.49,-11.46,2399,64.59,0.20
"Jindal Saw Limited (JINDALSAW)","Iron & Steel Products","Industrial Products",182643551630.40,0.85,-1.35,1.37,1246596,8.71,0.68
"Leela Palaces Hotels & Resorts Limited (THELEELA)","Hotels & Resorts","Leisure Services",181973647722.20,2.43,0.80,-1.80,144533,40.19,0.00
"Firstsource Solutions Limited (FSL)","Business Process Outsourcing (BPO)/ Knowledge Process Outsourcing (KPO)","FSL",181740357879.50,-1.03,-4.64,-5.32,417268,38.00,2.05
"Atul Limited (ATUL)","Specialty Chemicals","ATUL",179300287950.00,-1.06,-1.30,-6.20,15678,71.63,0.49
"eClerx Services Limited (ECLERX)","Business Process Outsourcing (BPO)/ Knowledge Process Outsourcing (KPO)","Commercial Services & Supplies",178226110610.00,0.46,-1.08,0.82,121985,23.74,0.05
"Ola Electric Mobility Limited (OLAELEC)","2/3 Wheelers","Automobiles",177453174720.42,-9.50,5.36,5.91,194568434,0.00,0.00
"Aarti Industries Limited (AARTIIND)","Specialty Chemicals","AARTIIND",177191930910.50,-0.04,-0.54,-9.35,302323,55.09,0.20
"Azad Engineering Limited (AZAD)","Heavy Electrical Equipment","Electrical Equipment",177018557563.00,1.86,-1.77,-2.26,438788,133.84,0.00
"Triveni Turbine Limited (TRITURBINE)","Heavy Electrical Equipment","Electrical Equipment",176417749822.05,0.43,-2.26,-3.09,238357,77.14,0.76
"Engineers India Limited (ENGINERSIN)","Civil Construction","ENGINERSIN",176115977579.55,6.40,17.65,25.15,19615591,42.16,0.82
"Computer Age Management Services Limited (CAMS)","Depositories Clearing Houses and Other Intermediaries","Capital Markets",175718739678.30,-0.46,-0.10,-5.68,763343,54.87,4.49
"Cohance Lifesciences Limited (COHANCE)","Pharmaceuticals","Pharmaceuticals & Biotechnology",175497395271.00,1.12,4.73,2.99,557235,107.80,0.00
"Poly Medicure Limited (POLYMED)","Medical Equipment & Supplies","Healthcare Equipment & Supplies",174564715023.00,0.49,-0.22,-0.55,52539,69.14,0.20
"Eris Lifesciences Limited (ERIS)","Pharmaceuticals","Pharmaceuticals & Biotechnology",174310081029.00,-1.23,-4.81,-3.96,30256,41.78,0.00
"Sarda Energy & Minerals Limited (SARDAEN)","Iron & Steel","Ferrous Metals",174041109253.00,-1.26,-2.38,-2.49,250490,18.44,0.40
"Deepak Fertilizers and Petrochemicals Corporation Limited (DEEPAKFERT)","Commodity Chemicals","Chemicals & Petrochemicals",171935917650.00,0.18,1.40,-6.71,394991,23.56,0.72
"Jubilant Pharmova Limited (JUBLPHARMA)","Pharmaceuticals","Pharmaceuticals & Biotechnology",171338721222.30,0.76,0.97,19.97,156277,53.12,0.47
"Gujarat Mineral Development Corporation Limited (GMDCLTD)","Industrial Minerals","Minerals & Mining",170925000000.00,-0.83,-3.41,-5.26,694551,20.25,1.71
"Alembic Pharmaceuticals Limited (APLLTD)","Pharmaceuticals","APLLTD",169830539136.00,1.62,2.16,7.58,309225,34.64,1.42
"BEML Limited (BEML)","Construction Vehicles","BEML",169493115000.00,-0.39,-4.68,5.82,116211,59.02,0.25
"Emami Limited (EMAMILTD)","Personal Care","Personal Products",169362000000.00,-0.32,5.31,-3.65,2020121,47.14,2.55
"Alivus Life Sciences Limited (ALIVUS)","Pharmaceuticals","Pharmaceuticals & Biotechnology",168098666601.60,-0.32,-4.31,1.54,37558,31.20,0.36
"Chambal Fertilizers & Chemicals Limited (CHAMBLFERT)","Fertilizers","CHAMBLFERT",167472660146.00,-0.06,0.75,-2.25,551322,16.56,2.62
"Choice International Limited (CHOICEIN)","Holding Company","Finance",167305151500.00,0.21,-1.68,-4.79,324562,56.33,0.00
"Devyani International Limited (DEVYANI)","Restaurants","Leisure Services",166101648643.52,-1.80,-4.20,-10.13,1070431,254.59,0.00
"Zydus Wellness Limited (ZYDUSWELL)","Packaged Foods","Food Products",166079895840.00,0.09,-0.05,-0.66,60614,48.44,0.23
"Shadowfax Technologies Limited (SHADOWFAX)","Logistics Solution Provider","Transport Services",165678448524.00,-1.17,12.22,9.89,2507956,0.00,0.00
"Supreme Petrochem Limited (SPLPETRO)","Petrochemicals","Chemicals & Petrochemicals",165457576825.80,0.01,1.64,25.66,162786,39.15,1.19
"Aequs Limited (AEQUS)","Aerospace & Defense","Aerospace & Defense",164983746210.00,1.34,6.19,-3.61,2044376,0.00,0.00
"Tata Chemicals Limited (TATACHEM)","Commodity Chemicals","TATACHEM",164292323682.20,-1.30,-6.97,2.96,1131484,33.11,1.64
"Clean Max Enviro Energy Solutions Limited (CLEANMAX)","Power Generation","CLEANMAX",163863821780.00,0.59,8.96,12.99,888358,0.00,0.00
"Sammaan Capital Limited (SAMMAANCAP)","Housing Finance Company","SAMMAANCAP",163231682900.13,0.04,-2.36,-6.29,3454356,6.77,0.00
"Minda Corporation Limited (MINDACORP)","Auto Components & Equipments","Auto Components",163052169896.00,-0.21,-1.37,-3.06,74927,51.73,0.20
"Paradeep Phosphates Limited (PARADEEP)","Fertilizers","Fertilizers & Agrochemicals",161988388595.00,0.64,0.23,-2.29,1465807,32.20,0.97
"AstraZeneca Pharma India Limited (ASTRAZEN)","Pharmaceuticals","Pharmaceuticals & Biotechnology",161250000000.00,-1.30,-4.47,-9.74,6164,89.48,0.00
"The Jammu & Kashmir Bank Limited (J&KBANK)","Private Sector Bank","Banks",160772639598.00,-0.66,-0.40,-2.35,1214432,6.57,1.44
"Graphite India Limited (GRAPHITE)","Electrodes & Refractories","Industrial Products",160207987080.00,0.74,-1.31,16.39,1351331,37.28,0.85
"Vardhman Textiles Limited (VTL)","Other Textile Products","Textiles & Apparels",160020139680.00,-1.70,-4.40,-8.11,138210,21.05,0.89
"Travel Food Services Limited (TRAVELFOOD)","Restaurants","Leisure Services",159369285130.00,-0.07,-3.67,-6.66,64775,32.90,0.84
"Thangamayil Jewellery Limited (THANGAMAYL)","Gems, Jewellery And Watches","Consumer Durables",158673717205.00,0.74,1.20,-5.41,33970,39.89,0.00
"Dr. Agarwal's Health Care Limited (AGARWALEYE)","Hospital","Healthcare Services",158513091500.00,-0.42,-0.09,-0.08,242336,86.00,0.00
"Usha Martin Limited (USHAMART)","Iron & Steel Products","Industrial Products",157703871150.00,-0.84,2.03,6.21,404445,24.76,0.70
"Tega Industries Limited (TEGA)","Industrial Products","Industrial Manufacturing",157016888820.00,1.44,7.57,24.81,261282,57.07,0.10
"JSW Cement Limited (JSWCEMENT)","Cement & Cement Products","JSWCEMENT",156923304133.60,-0.21,-1.99,-7.91,2447516,21.88,0.00
"Avalon Technologies Limited (AVALON)","Other Electrical Equipment","Electrical Equipment",156504582000.00,0.54,-7.79,10.82,534906,166.28,0.00
"Fine Organic Industries Limited (FINEORG)","Specialty Chemicals","Chemicals & Petrochemicals",156151257768.00,0.40,-2.04,-1.81,6621,38.89,0.22
"NAVA LIMITED (NAVA)","Power Generation","Power",155538615753.00,-1.00,-2.37,-3.17,450107,9.26,0.00
"Vijaya Diagnostic Centre Limited (VIJAYA)","Healthcare Service Provider","Healthcare Services",155526549650.00,-0.85,-3.14,1.79,58184,67.04,0.13
"Godawari Power And Ispat limited (GPIL)","Iron & Steel Products","Industrial Products",154811300001.75,-0.16,-1.51,-5.86,863273,13.71,0.43
"Voltamp Transformers Limited (VOLTAMP)","Heavy Electrical Equipment","Electrical Equipment",154652286236.00,1.15,-1.70,-2.55,9587,56.60,0.00
"Punjab & Sind Bank (PSB)","Public Sector Bank","Banks",154612801943.80,0.18,-1.40,-6.64,533659,65.37,0.00
"Garware Hi-Tech Films Limited (GRWRHITECH)","Plastic Products - Industrial","Industrial Products",154472187706.00,4.69,-1.12,-8.47,90455,29.17,0.00
"Five-Star Business Finance Limited (FIVESTAR)","Non Banking Financial Company (NBFC)","Finance",153782178035.10,-0.74,-3.25,3.98,930721,22.43,0.00
"Kfin Technologies Limited (KFINTECH)","Depositories Clearing Houses and Other Intermediaries","KFINTECH",153648703815.20,-1.02,-4.43,-7.99,436454,64.17,0.13
"Astra Microwave Products Limited (ASTRAMICRO)","Aerospace & Defense","Aerospace & Defense",153545066937.60,1.64,-0.86,-5.32,267279,73.41,0.15
"Century Plyboards (India) Limited (CENTURYPLY)","Plywood Boards/ Laminates","Consumer Durables",153532644739.50,0.03,-4.37,-8.78,50249,57.70,0.14
"Syngene International Limited (SYNGENE)","Healthcare Research, Analytics & Technology","SYNGENE",153353908945.30,-0.43,2.94,-6.52,177820,69.85,0.33
"BASF India Limited (BASF)","Specialty Chemicals","Chemicals & Petrochemicals",153187879960.00,0.45,-1.85,-8.60,7887,47.47,0.00
"Marksans Pharma Limited (MARKSANS)","Pharmaceuticals","Pharmaceuticals & Biotechnology",152942764275.00,-0.13,5.42,5.97,1452979,28.25,0.26
"LLOYDS ENGINEERING WORKS LIMITED (LLOYDSENGG)","Industrial Products","Industrial Manufacturing",152628151177.98,8.41,19.64,15.04,60674433,101.44,0.00
"SEDEMAC Mechatronics Limited (SEDEMAC)","Auto Components & Equipments","SEDEMAC",152388225000.00,3.96,9.60,11.95,801056,0.00,0.00
"Zen Technologies Limited (ZENTEC)","Aerospace & Defense","Aerospace & Defense",152319830572.00,2.23,-0.02,-10.16,318892,91.22,0.06
"Concord Biotech Limited (CONCORDBIO)","Pharmaceuticals","Pharmaceuticals & Biotechnology",152007344412.00,-1.70,-2.77,-6.14,125029,50.25,0.48
"Honasa Consumer Limited (HONASA)","Personal Care","Personal Products",151927284656.00,-1.58,-2.83,-4.02,437409,116.16,0.62
"DCM Shriram Limited (DCMSHRIRAM)","Diversified","Diversified",151825419385.60,-0.13,-2.15,-7.53,20353,36.06,1.14
"Juniper Green Energy Limited (JNPR)","Power Generation","JNPR",150300938454.30,3.24,-0.38,2.00,1025878,0.00,0.00
"Central Mine Planning & Design Institute Limited (CMPDI)","Consulting Services","CMPDI",150297000000.00,1.69,-1.90,-9.78,1078380,0.00,0.50
"Natco Pharma Limited (NATCOPHARM)","Pharmaceuticals","Pharmaceuticals & Biotechnology",149897050203.00,-0.32,2.89,-3.39,369981,16.36,0.60
"Arvind Limited (ARVIND)","Garments & Apparels","ARVIND",149690356657.50,-2.94,-0.43,2.03,338603,32.14,0.82
"Maharashtra Scooters Limited (MAHSCOOTER)","Investment Company","Finance",149257098080.00,-1.53,-4.87,-1.18,3959,52.99,0.00
"Bharat Coking Coal Limited (BHARATCOAL)","Coal","Consumable Fuels",149024000000.00,-0.31,-2.11,-6.84,2871997,0.00,0.00
"PG Electroplast Limited (PGEL)","Consumer Electronics","Consumer Durables",148683560498.00,0.79,-2.01,-12.76,483547,61.33,0.05
"CIE Automotive India Limited (CIEINDIA)","Auto Components & Equipments","Auto Components",147989263267.70,0.48,0.76,-1.48,191799,25.48,1.82
"Shaily Engineering Plastics Limited (SHAILY)","Plastic Products - Consumer","Consumer Durables",147640146555.20,0.97,1.91,-0.55,76625,66.82,0.00
"Apollo Micro Systems Limited (APOLLO)","Aerospace & Defense","Aerospace & Defense",147339206508.00,-0.86,6.96,1.76,3929756,89.30,0.06
"LT Foods Limited (LTFOODS)","Other Agricultural Products","Agricultural Food & other Products",146818544723.20,-0.51,-0.09,-5.16,248790,18.61,0.70
"Indegene Limited (INDGN)","Healthcare Research, Analytics & Technology","INDGN",146736706066.20,2.50,1.47,8.06,2095862,58.26,0.00
"Kansai Nerolac Paints Limited (KANSAINER)","Paints","Consumer Durables",146388958999.00,0.68,-1.61,-9.69,153445,35.83,2.05
"Cartrade Tech Limited (CARTRADE)","E-Retail/ E-Commerce","Retailing",145932161793.00,-0.07,0.43,-4.55,322295,53.10,0.00
"JSW Dulux Limited (JSWDULUX)","Paints","Consumer Durables",145751774957.00,2.15,0.37,2.77,52257,34.97,0.00
"Action Construction Equipment Limited (ACE)","Construction Vehicles","Agricultural Commercial & Construction Vehicles",145734015264.80,-1.16,-0.44,5.98,184368,44.73,0.16
"Balrampur Chini Mills Limited (BALRAMCHIN)","Sugar","Agricultural Food & other Products",145155882256.00,4.00,1.99,2.68,4511284,19.85,0.52
"SKF India (Industrial) Limited (SKFINDUS)","Abrasives & Bearings","Industrial Products",144665367330.60,-0.74,-1.94,7.11,24054,0.00,0.00
"Amara Raja Energy & Mobility Limited (ARE&M)","Auto Components & Equipments","ARE&M",144553432487.20,-0.43,-0.78,-14.23,336412,30.46,1.30
"Molbio Diagnostics Limited (MOLBIO)","Medical Equipment & Supplies","MOLBIO",144049995000.00,-0.02,-2.97,1.85,538647,0.00,0.00
"Niva Bupa Health Insurance Company Limited (NIVABUPA)","General Insurance","Insurance",143809875658.25,1.39,-2.31,-6.56,1111284,107.67,0.00
"Tilaknagar Industries Limited (TI)","Breweries & Distilleries","Beverages",143793176895.00,-1.00,2.00,0.93,1372795,32.95,0.00
"Canara HSBC Life Insurance Company Limited (CANHLIFE)","Life Insurance","Insurance",143355000000.00,-0.53,-1.75,-0.85,620247,109.60,0.26
"Bikaji Foods International Limited (BIKAJI)","Packaged Foods","Food Products",142781842980.00,-0.22,-1.86,-5.06,71004,77.04,0.21
"International Gemological Institute Limited (IGIL)","Diversified Commercial Services","Commercial Services & Supplies",142612699680.00,1.63,-0.29,-4.06,551729,23.05,0.75
"KPIT Technologies Limited (KPITTECH)","Computers - Software & Consulting","IT - Software",142390293875.20,0.49,-2.37,-12.26,1244484,73.85,0.00
"Black Box Limited (BBOX)","IT Enabled Services","IT - Services",142203683443.50,0.55,-0.06,7.20,814657,51.21,0.12
"Ksb Limited (KSB)","Compressors, Pumps & Diesel Engines","Industrial Products",141885474105.00,2.11,0.26,1.54,270689,77.63,0.49
"Kirloskar Brothers Limited (KIRLOSBROS)","Compressors, Pumps & Diesel Engines","Industrial Products",140871434724.00,0.20,-2.06,-6.58,22399,45.58,0.39
"Crompton Greaves Consumer Electricals Limited (CROMPTON)","Household Appliances","CROMPTON",140759791675.00,-0.55,-3.75,-10.04,1374776,58.81,1.34
"CCL Products (India) Limited (CCL)","Tea & Coffee","Agricultural Food & other Products",140471371840.00,0.47,-1.28,-4.28,268782,33.51,0.55
"Privi Speciality Chemicals Limited (PRIVISCL)","Specialty Chemicals","Chemicals & Petrochemicals",140469490776.00,1.59,4.39,4.39,97623,47.15,0.00
"Nazara Technologies Limited (NAZARA)","Digital Entertainment","Entertainment",139998732569.60,0.51,2.31,5.56,2396562,80.56,0.00
"Rainbow Childrens Medicare Limited (RAINBOW)","Hospital","Healthcare Services",139654128625.00,-2.72,-5.48,-4.86,433047,57.74,0.25
"Tamilnad Mercantile Bank Limited (TMB)","Private Sector Bank","Banks",139507630974.00,-1.30,-1.65,1.10,118477,6.48,1.36
"PC Jeweller Limited (PCJEWELLER)","Gems, Jewellery And Watches","PCJEWELLER",138187750895.35,-0.98,11.40,28.82,309343445,474.28,0.00
"Lumax Auto Technologies Limited (LUMAXTECH)","Auto Components & Equipments","Auto Components",138053431477.50,-2.03,-3.67,4.83,68866,20.86,0.27
"Aditya Birla Real Estate Limited (ABREL)","Residential, Commercial Projects","ABREL",137609077760.00,1.58,-2.70,-12.50,164987,118.11,0.21
"JBM Auto Limited (JBMA)","Auto Components & Equipments","Auto Components",137426816810.40,-1.09,-3.00,-10.26,180569,86.22,0.14
"Anupam Rasayan India Limited (ANURAS)","Specialty Chemicals","Chemicals & Petrochemicals",136619809200.00,1.29,-0.64,-5.11,167982,50.67,0.13
"CEAT Limited (CEATLTD)","Tyres & Rubber Products","CEATLTD",135981074276.40,-0.05,-3.09,-4.85,38247,16.75,1.02
"Vedanta Oil and Gas Limited (VOGL)","Oil Exploration & Production","VOGL",134439141399.66,-0.46,0.35,-11.73,14085738,0.00,0.00
"PCBL Chemical Limited (PCBL)","Carbon Black","Chemicals & Petrochemicals",133383822756.00,0.30,0.68,5.57,669776,29.22,1.74
"Ingersoll Rand (India) Limited (INGERRAND)","Compressors, Pumps & Diesel Engines","Industrial Products",133311664000.00,-0.02,1.62,-8.08,6700,54.77,0.00
"V-Guard Industries Limited (VGUARD)","Household Appliances","VGUARD",132712921226.25,-1.38,-6.65,-8.70,313680,74.86,0.47
"Gallantt Ispat Limited (GALLANTT)","Iron & Steel Products","Industrial Products",132656263561.00,-0.03,0.48,-5.45,58267,26.19,0.36
"Sobha Limited (SOBHA)","Residential, Commercial Projects","Realty",132062015410.00,-0.09,1.63,-3.49,57820,422.96,0.48
"Ventive Hospitality Limited (VENTIVE)","Hotels & Resorts","Leisure Services",131717466912.00,-1.34,1.19,-5.06,13304,22.74,0.00
"Sudeep Pharma Limited (SUDEEPPHRM)","Specialty Chemicals","SUDEEPPHRM",130907456375.00,1.88,0.35,2.82,78922,0.00,0.00
"The South Indian Bank Limited (SOUTHBANK)","Private Sector Bank","Banks",130703123293.20,0.10,8.31,10.03,28889000,5.59,0.96
"Fractal Analytics Limited (FRACTAL)","Computers - Software & Consulting","IT - Software",130114535040.00,0.13,-1.75,-9.97,163432,0.00,0.00
"Edelweiss Financial Services Limited (EDELWEISS)","Holding Company","Finance",129486822890.40,-1.57,0.40,6.75,4432948,14.08,1.06
"Ramkrishna Forgings Limited (RKFORGE)","Auto Components & Equipments","Auto Components",129340712070.00,-0.71,-1.95,-1.54,285768,48.72,0.14
"Inox Wind Limited (INOXWIND)","Heavy Electrical Equipment","Electrical Equipment",129185777194.50,2.27,-2.67,1.37,11031367,369.50,0.00
"Vedanta Power Limited (VEDPOWER)","Power Generation","VEDPOWER",129160117522.71,2.65,5.97,-10.56,14269362,0.00,0.00
"Akums Drugs and Pharmaceuticals Limited (AKUMS)","Pharmaceuticals","Pharmaceuticals & Biotechnology",128748282184.00,0.24,4.38,9.79,152812,43.97,0.36
"CORONA Remedies Limited (CORONA)","Pharmaceuticals","CORONA",128741985240.00,0.32,-4.40,0.37,8603,0.00,0.00
"Prudent Corporate Advisory Services Limited (PRUDENT)","Financial Products Distributor","Capital Markets",128472506036.00,-3.78,-11.39,-6.99,56132,62.67,0.10
"Fujiyama Power Systems Limited (UTLSOLAR)","Other Electrical Equipment","Electrical Equipment",128284936516.00,-2.61,-0.16,-6.41,315720,0.00,0.00
"Vedanta Iron and Steel Limited (VISL)","Iron & Steel","VISL",128182520508.46,2.02,6.05,-11.26,17169111,0.00,0.00
"Varroc Engineering Limited (VARROC)","Auto Components & Equipments","Auto Components",128088478440.00,0.17,-2.69,3.46,85714,17.08,0.00
"Shipping Corporation Of India Limited (SCI)","Shipping","Transport Services",127954988047.00,-0.80,-0.85,-4.65,840491,17.00,2.69
"Vedant Fashions Limited (MANYAVAR)","Speciality Retail","Retailing",127806556870.00,1.53,-3.35,-1.96,199080,70.47,1.60
"Ujjivan Small Finance Bank Limited (UJJIVANSFB)","Other Bank","Banks",127013767864.20,3.22,0.12,-6.28,13378426,6.44,0.00
"Godrej Agrovet Limited (GODREJAGRO)","Animal Feed","Food Products",126885691135.50,-2.70,-0.32,8.09,120326,47.34,1.64
"The Karnataka Bank Limited (KTKBANK)","Private Sector Bank","KTKBANK",126570452838.00,-0.78,6.60,-0.03,680592,6.24,0.00
"DOMS Industries Limited (DOMS)","Stationary","Household Products",126492698724.80,-1.23,-1.00,-5.79,13623,71.89,0.17
"ASK Automotive Limited (ASKAUTOLTD)","Auto Components & Equipments","Auto Components",126269835300.00,0.37,-2.40,5.83,133775,42.07,0.00
"Amagi Media Labs Limited (AMAGI)","IT Enabled Services","AMAGI",126070731125.30,2.40,0.55,-1.50,193432,0.00,0.00
"VA Tech Wabag Limited (WABAG)","Water Supply & Management","Other Utilities",125670543248.00,-1.03,-5.70,-0.52,272100,32.01,0.24
"EID Parry India Limited (EIDPARRY)","Other Food Products","Food Products",125280807168.00,2.20,0.47,-13.13,341486,8.62,0.29
"Atlanta Electricals Limited (ATLANTAELE)","Heavy Electrical Equipment","Electrical Equipment",125264602125.00,2.44,-2.23,-5.27,155340,54.61,0.00
"Vinati Organics Limited (VINATIORGA)","Specialty Chemicals","Chemicals & Petrochemicals",124917086560.00,0.95,-2.42,-9.62,21752,62.53,0.70
"Park Medi World Limited (PARKHOSPS)","Hospital","Healthcare Services",124309702659.20,0.47,2.04,1.32,722620,0.00,0.00
"NMDC Steel Limited (NSLNISP)","Iron & Steel","Ferrous Metals",123554342636.00,-0.87,-1.03,5.53,2905193,149.00,0.00
"PVR INOX Limited (PVRINOX)","Film Production, Distribution & Exhibition","PVRINOX",123535552196.00,-0.17,-5.04,2.19,374832,27.81,0.00
"JSW Holdings Limited (JSWHL)","Investment Company","Finance",123172538625.00,-0.49,-1.64,-3.05,1415,62.13,0.00
"BlueStone Jewellery and Lifestyle Limited (BLUESTONE)","Gems, Jewellery And Watches","Consumer Durables",123139636230.00,0.27,-2.60,-0.57,2086039,228.84,0.00
"SKY GOLD AND DIAMONDS LIMITED (SKYGOLD)","Gems, Jewellery And Watches","Consumer Durables",122969863896.00,1.39,1.31,-5.73,309335,60.87,0.00
"Shreeji Shipping Global Limited (SHREEJISPG)","Shipping","Transport Services",122433067881.00,3.81,6.14,16.42,1197147,73.91,0.00
"JM Financial Limited (JMFINANCIL)","Holding Company","Finance",122203783827.20,0.51,1.11,-2.06,1681050,9.07,2.55
"Aptus Value Housing Finance India Limited (APTUS)","Housing Finance Company","Finance",122202577584.00,1.53,2.66,-4.09,1278151,23.81,1.79
"Pearl Global Industries Limited (PGIL)","Garments & Apparels","Textiles & Apparels",121850649796.00,4.36,15.09,13.38,477150,22.99,0.65
"Lloyds Enterprises Limited (LLOYDSENT)","Trading - Metals","Metals & Minerals Trading",121471553088.48,5.41,15.62,7.45,11961867,41.45,0.20
"Metropolis Healthcare Limited (METROPOLIS)","Healthcare Service Provider","METROPOLIS",120730672711.20,-0.06,-2.56,2.73,130509,75.91,0.00
"Nuvoco Vistas Corporation Limited (NUVOCO)","Cement & Cement Products","Cement & Cement Products",119861604946.80,0.13,2.13,4.43,204487,88.24,0.00
"Manorama Industries Limited (MANORAMA)","Other Food Products","Food Products",118670093200.00,-0.53,-4.42,-1.81,117509,108.61,0.04
"Quality Power Electrical Equipments Limited (QPOWER)","Heavy Electrical Equipment","Electrical Equipment",118102252500.00,1.18,-0.72,16.49,161416,59.51,0.06
"Trident Limited (TRIDENT)","Other Textile Products","Textiles & Apparels",117818495090.40,-0.13,-0.43,-5.32,2193149,57.43,2.13
"Techno Electric & Engineering Company Limited (TECHNOE)","Civil Construction","Construction",117346270166.00,1.47,-2.08,1.48,104359,72.57,0.69
"Home First Finance Company India Limited (HOMEFIRST)","Housing Finance Company","Finance",116431058617.00,-2.97,-10.30,-6.53,640771,27.87,0.43
"UTI Asset Management Company Limited (UTIAMC)","Asset Management Company","Capital Markets",116393171021.00,-0.67,1.17,1.75,52484,15.41,0.00
"Cyient Limited (CYIENT)","IT Enabled Services","IT - Services",114788325346.20,3.49,2.10,11.92,334991,25.57,1.49
"Whirlpool of India Limited (WHIRLPOOL)","Household Appliances","WHIRLPOOL",114635041996.50,7.67,25.90,17.76,27943285,86.67,0.58
"Blue Dart Express Limited (BLUEDART)","Logistics Solution Provider","Transport Services",112235500613.40,-0.97,-1.89,-5.29,7306,66.15,0.52
"TITAGARH RAIL SYSTEMS LIMITED (TITAGARH)","Railway Wagons","Industrial Manufacturing",110802842622.00,0.41,-1.78,-1.14,277001,65.02,0.12
"Gravita India Limited (GRAVITA)","Industrial Minerals","Minerals & Mining",110506012837.20,-1.32,-6.33,-16.84,266305,47.73,0.00
"Signatureglobal (India) Limited (SIGNATURE)","Residential, Commercial Projects","Realty",110438530410.00,0.54,3.71,-0.71,326668,374.62,0.00
"Elantas Beck India Limited (ELANTAS)","Specialty Chemicals","ELANTAS",109798395700.00,0.23,-2.66,18.78,1128,0.00,0.00
"Strides Pharma Science Limited (STAR)","Pharmaceuticals","STAR",109455097875.00,-1.49,-2.65,20.36,143012,36.01,0.41
"IIFL Capital Services Limited (IIFLCAPS)","Stockbroking & Allied","Capital Markets",109430101233.60,-0.29,0.61,3.66,263461,14.04,0.85
"BLACKBUCK LIMITED (BLACKBUCK)","Transport Related Services","Transport Services",109245666841.50,1.01,-5.17,-0.26,660012,63.99,0.00
"Jaiprakash Power Ventures Limited (JPPOWER)","Power Generation","Power",109175599114.11,0.19,3.64,-6.13,30626176,7.48,0.00
"Blue Jet Healthcare Limited (BLUEJET)","Pharmaceuticals","Pharmaceuticals & Biotechnology",108180526906.55,-0.49,-0.64,-2.99,249831,50.99,0.00
"Yatharth Hospital & Trauma Care Services Limited (YATHARTH)","Hospital","Healthcare Services",108157765732.50,-3.08,-1.49,21.61,304843,34.21,0.00
"Viyash Scientific Limited (VIYASH)","Pharmaceuticals","Pharmaceuticals & Biotechnology",107779232863.50,-0.67,-2.24,-12.32,1325870,140.45,0.00
"Paras Defence and Space Technologies Limited (PARAS)","Aerospace & Defense","Aerospace & Defense",106697624920.00,-1.67,-3.55,-8.39,527679,122.14,0.07
"Healthcare Global Enterprises Limited (HCG)","Hospital","Healthcare Services",106206122104.05,-0.34,0.44,-1.86,62254,102.47,0.00
"Mahanagar Gas Limited (MGL)","LPG/CNG/PNG/LNG Supplier","MGL",106116966905.40,-0.77,-0.68,-2.46,104630,15.08,2.75
"KEC International Limited (KEC)","Civil Construction","Construction",105588230000.00,0.39,-1.88,-6.97,528148,54.28,1.37
"Jubilant Ingrevia Limited (JUBLINGREA)","Specialty Chemicals","Chemicals & Petrochemicals",105125551740.00,3.27,5.62,-6.62,372268,63.90,0.78
"Welspun Enterprises Limited (WELENT)","Civil Construction","Construction",104571633455.00,0.71,-8.24,14.30,283394,21.22,0.39
"Avanti Feeds Limited (AVANTIFEED)","Animal Feed","Food Products",102606583953.00,0.45,-2.76,-10.76,277971,24.16,1.30
"Elecon Engineering Company Limited (ELECON)","Heavy Electrical Equipment","Electrical Equipment",102135628139.50,-0.19,8.06,6.78,631253,38.41,0.43
"TSF INVESTMENTS LIMITED (TSFINV)","Investment Company","Finance",101512569213.00,-0.01,0.31,11.18,133702,28.31,2.41
"Indian Energy Exchange Limited (IEX)","Exchange and Data Platform","IEX",100493771234.50,1.35,-2.39,-9.26,2079348,48.36,1.77
"Can Fin Homes Limited (CANFINHOME)","Housing Finance Company","CANFINHOME",100318668859.40,1.36,-3.22,-6.46,352616,14.21,0.00
"The Bombay Burmah Trading Corporation Limited (BBTC)","Packaged Foods","Food Products",100101744930.00,-0.15,-5.12,0.86,31881,7.85,1.17
"Aavas Financiers Limited (AAVAS)","Housing Finance Company","Finance",100006005212.40,0.90,-1.82,-3.96,49117,26.79,0.00
"The India Cements Limited (INDIACEM)","Cement & Cement Products","INDIACEM",99554475821.25,-2.12,-6.83,-11.82,247095,110.60,0.00
"Ircon International Limited (IRCON)","Civil Construction","Construction",99553591079.00,-0.61,-3.64,-14.19,2092105,28.22,1.73
"JK Tyre & Industries Limited (JKTYRE)","Tyres & Rubber Products","Auto Components",99301322063.95,-0.39,-1.40,-9.51,744180,11.83,1.13
"Olectra Greentech Limited (OLECTRA)","Passenger Cars & Utility Vehicles","Automobiles",99235611033.00,-2.96,0.85,-6.41,357307,172.61,0.05
"Jain Resource Recycling Limited (JAINREC)","Diversified Metals","Diversified Metals",99160408652.90,-1.54,4.02,-0.36,598886,27.91,0.00
"SML Mahindra Limited (SMLMAH)","Commercial Vehicles","Agricultural Commercial & Construction Vehicles",98725569012.00,3.37,8.41,31.39,50096,24.07,0.00
"SBFC Finance Limited (SBFC)","Non Banking Financial Company (NBFC)","Finance",98658647560.32,-0.31,-3.68,-4.11,779068,32.57,0.00
"Zensar Technologies Limited (ZENSARTECH)","Computers - Software & Consulting","IT - Software",98565206800.30,2.92,-0.77,-8.26,1049624,26.08,3.48
"Indiamart Intermesh Limited (INDIAMART)","Internet & Catalogue Retail","INDIAMART",98394190128.00,0.38,-0.63,-6.53,31410,40.74,3.63
"Rategain Travel Technologies Limited (RATEGAIN)","Computers - Software & Consulting","IT - Software",98382292060.00,0.46,-3.31,-12.27,119666,54.23,0.00
"Sudarshan Chemical Industries Limited (SUDARSCHEM)","Dyes And Pigments","Chemicals & Petrochemicals",97840541117.30,0.07,-2.74,-0.19,71354,57.60,0.40
"Max Estates Limited (MAXESTATES)","Residential, Commercial Projects","Realty",97174619397.30,-3.59,0.01,6.83,156458,832.98,0.00
"Jupiter Wagons Limited (JWL)","Railway Wagons","Industrial Manufacturing",96799393108.50,-0.59,-1.58,-8.26,676385,66.60,0.00
"Kwality Wall's (India) Limited (KWIL)","Dairy Products","Food Products",96544704955.58,0.54,-0.32,-12.93,5147575,0.00,0.00
"Aditya Birla Lifestyle Brands Limited (ABLBL)","Speciality Retail","Retailing",96152695508.22,0.17,-2.94,-7.79,631342,54.50,0.63
"RITES Limited (RITES)","Civil Construction","Construction",95736271780.80,-1.20,-3.87,-8.49,342582,35.25,3.90
"Maharashtra Seamless Limited (MAHSEAMLES)","Iron & Steel Products","Industrial Products",95541466676.00,1.00,-0.63,12.01,210790,8.97,1.42
"Saregama India Limited (SAREGAMA)","Media & Entertainment","Entertainment",95459978499.00,-0.31,-0.96,-1.90,197993,49.22,0.89
"Finolex Industries Limited (FINPIPE)","Plastic Products - Industrial","Industrial Products",95286638300.85,0.08,-0.69,-5.68,346254,36.00,1.78
"Suven Life Sciences Limited (SUVEN)","Healthcare Research, Analytics & Technology","Healthcare Services",94912806227.40,-0.01,-1.65,-6.71,251356,0.00,0.00
"Alkyl Amines Chemicals Limited (ALKYLAMINE)","Specialty Chemicals","Chemicals & Petrochemicals",94511688307.20,-0.79,-0.82,-10.37,15775,71.05,1.06
"Brainbees Solutions Limited (FIRSTCRY)","E-Retail/ E-Commerce","Retailing",94247792223.68,0.67,4.86,-6.00,3472092,0.00,0.00
"Genus Power Infrastructures Limited (GENUSPOWER)","Other Electrical Equipment","GENUSPOWER",93341634282.00,-0.29,-1.27,-8.43,866753,93.10,0.00
"Kennametal India Limited (KENNAMET)","Industrial Products","Industrial Manufacturing",93187737600.00,-1.39,-0.97,2.61,26620,0.00,0.56
"Afcons Infrastructure Limited (AFCONS)","Civil Construction","Construction",92902397790.60,-0.49,-4.10,-11.59,434570,64.97,0.00
"Gujarat Narmada Valley Fertilizers and Chemicals Limited (GNFC)","Commodity Chemicals","GNFC",92866511656.00,0.83,7.32,7.48,1734397,20.29,3.37
"Pricol Limited (PRICOLLTD)","Auto Components & Equipments","Auto Components",92532433281.60,-0.58,-1.08,-3.96,143267,40.55,0.00
"BLS International Services Limited (BLS)","Tour, Travel Related Services","Leisure Services",92353485664.40,0.16,-0.97,-7.82,429818,41.58,1.09
"SWAN CORP LIMITED (SWANCORP)","Petrochemicals","Chemicals & Petrochemicals",92266034394.10,0.05,-0.20,-1.69,505644,36.67,0.05
"Precision Wires India Limited (PRECWIRE)","Aluminium, Copper & Zinc Products","Industrial Products",91952411425.00,2.80,5.14,22.16,619641,34.05,0.65
"SG Mart Limited (SGMART)","Trading - Metals","Metals & Minerals Trading",91728418560.00,1.93,-0.78,-13.09,161034,72.70,0.00
"KRBL Limited (KRBL)","Other Agricultural Products","Agricultural Food & other Products",91086732521.40,0.11,1.40,-5.92,459998,13.30,1.11
"P N Gadgil Jewellers Limited (PNGJL)","Gems, Jewellery And Watches","Consumer Durables",90823994945.00,2.42,2.03,1.88,754981,19.52,0.00
"Sanofi Consumer Healthcare India Limited (SANOFICONR)","Pharmaceuticals","Pharmaceuticals & Biotechnology",90694589436.00,-0.65,-2.37,-5.72,3342,34.38,1.87
"KRN Heat Exchanger and Refrigeration Limited (KRN)","Other Industrial Products","Industrial Products",90424352560.40,-1.41,-4.48,-9.40,180039,94.64,0.00
"Tejas Networks Limited (TEJASNET)","Telecom - Equipment & Accessories","Telecom - Equipment & Accessories",90117387118.00,-1.46,-2.37,0.33,893736,128.40,0.00
"Thyrocare Technologies Limited (THYROCARE)","Healthcare Service Provider","THYROCARE",89928402975.00,0.02,1.66,-5.21,129345,57.96,2.44
"Sandur Manganese & Iron Ores Limited (SANDUMA)","Iron & Steel","Consumable Fuels",89759253905.10,0.92,-0.40,-9.97,337776,25.19,2.66
"Kirloskar Pneumatic Company Limited (KIRLPNU)","Compressors, Pumps & Diesel Engines","Industrial Products",89655698519.00,-0.83,-1.23,-4.41,72155,54.17,1.69
"Dynamatic Technologies Limited (DYNAMATECH)","Industrial Products","Industrial Manufacturing",89647047600.00,4.80,9.44,14.64,38127,92.43,0.04
"Procter & Gamble Health Limited (PGHL)","Pharmaceuticals","Pharmaceuticals & Biotechnology",89636662800.00,-0.19,-1.88,-7.42,3567,40.30,0.00
"Time Technoplast Limited (TIMETECHNO)","Plastic Products - Industrial","Industrial Products",89594821288.50,1.07,1.26,-1.81,2079844,22.93,0.82
"WeWork India Management Limited (WEWORK)","Diversified Commercial Services","Commercial Services & Supplies",89571287385.00,0.13,-5.31,-4.43,170103,106.47,0.00
"WESTLIFE FOODWORLD LIMITED (WESTLIFE)","Restaurants","Leisure Services",89230619205.00,1.55,1.58,-0.56,437736,280.30,0.07
"Intellect Design Arena Limited (INTELLECT)","Computers - Software & Consulting","INTELLECT",89053723958.00,-0.88,-2.08,-7.15,218132,42.24,0.45
"Indo Count Industries Limited (ICIL)","Other Textile Products","Textiles & Apparels",88748149754.00,-1.15,0.17,6.06,297727,21.75,0.31
"Shiprocket Limited (SHIPROCKET)","Logistics Solution Provider","SHIPROCKET",88044163802.87,-0.17,-0.48,-8.86,3157738,0.00,0.00
"MMTC Limited (MMTC)","Trading & Distributors","Commercial Services & Supplies",87525000000.00,0.66,-3.19,-8.69,961605,119.08,0.00
"Waaree Renewable Technologies Limited (WAAREERTL)","Other Electrical Equipment","Electrical Equipment",86843508544.00,0.07,1.51,-4.51,77627,16.99,0.00
"Jupiter Life Line Hospitals Limited (JLHL)","Hospital","Healthcare Services",86694672589.50,-0.80,-5.57,-11.47,58557,51.70,0.00
"Jayaswal Neco Industries Limited (JAYNECOIND)","Iron & Steel Products","Industrial Products",86001314471.08,-1.09,-0.77,-12.20,1234021,20.13,0.00
"Banco Products (I) Limited (BANCOINDIA)","Auto Components & Equipments","Auto Components",85936809840.00,-0.42,-0.53,-2.59,44855,17.93,2.45
"Clean Science and Technology Limited (CLEAN)","Specialty Chemicals","Chemicals & Petrochemicals",85877569768.00,-1.01,-5.15,-1.69,161379,69.27,0.72
"Esab India Limited (ESABINDIA)","Other Industrial Products","Industrial Products",85662156300.00,-0.02,-1.11,-9.78,2898,56.65,0.00
"Aarti Pharmalabs Limited (AARTIPHARM)","Pharmaceuticals","Pharmaceuticals & Biotechnology",85429451827.30,0.57,14.83,12.83,675198,23.91,0.37
"Reliance Power Limited (RPOWER)","Power Generation","Power",85279597318.92,-0.48,-2.41,-9.16,14606424,0.00,0.00
"Tips Music Limited (TIPSMUSIC)","Media & Entertainment","Entertainment",85263670530.00,1.04,1.41,3.23,245082,62.47,0.00
"Unimech Aerospace and Manufacturing Limited (UNIMECH)","Aerospace & Defense","Aerospace & Defense",84853628999.00,-1.61,4.76,13.13,138995,119.60,0.00
"Kingfa Science & Technology (India) Limited (KINGFA)","Plastic Products - Industrial","Industrial Products",84167627391.00,0.14,6.57,5.10,5672,27.29,0.00
"Lemon Tree Hotels Limited (LEMONTREE)","Hotels & Resorts","Leisure Services",84136574476.80,-0.53,-0.25,-2.76,1851366,55.31,0.00
"Railtel Corporation Of India Limited (RAILTEL)","Other Telecom Services","Telecom - Services",83893299589.80,-0.54,-1.36,-6.91,392954,59.62,0.95
"NCC Limited (NCC)","Civil Construction","NCC",83491039272.24,-0.45,-3.03,-10.34,2118247,25.42,1.62
"Transformers And Rectifiers (India) Limited (TARIL)","Heavy Electrical Equipment","Electrical Equipment",83326035518.40,-0.98,-0.80,-9.83,703274,127.32,0.09
"Religare Enterprises Limited (RELIGARE)","Investment Company","Finance",82066714951.00,0.81,-4.95,5.27,422871,47.88,0.00
"Paisalo Digital Limited (PAISALO)","Non Banking Financial Company (NBFC)","Finance",81359271146.00,-0.48,-0.57,28.45,7721853,31.81,0.11
"Bata India Limited (BATAINDIA)","Footwear","BATAINDIA",81145862379.00,0.45,-1.09,-7.79,95375,73.14,1.41
"Embassy Developments Limited (EMBDL)","Residential, Commercial Projects","Realty",80587207442.35,-1.26,7.55,-7.62,2595396,0.00,0.00
"Standard Engineering Technology Limited (SETL)","Industrial Products","Industrial Manufacturing",80335292287.40,-0.06,0.09,27.94,500272,90.64,0.00
"AXISCADES Technologies Limited (AXISCADES)","Aerospace & Defense","Aerospace & Defense",80179880113.90,-1.61,4.08,17.52,130914,49.49,0.00
"Galaxy Surfactants Limited (GALAXYSURF)","Specialty Chemicals","Chemicals & Petrochemicals",80092284768.00,0.65,1.98,-1.10,53147,33.63,0.99
"Aditya Vision Limited (AVL)","Speciality Retail","Retailing",80072047902.50,-1.36,-2.65,7.85,109489,58.36,0.00
"GMR Power and Urban Infra Limited (GMRP&UI)","Power Generation","Power",79812181288.51,1.25,10.70,6.33,2175028,13.53,0.00
"Kirloskar Ferrous Industries Limited (KIRLFER)","Pig Iron","Ferrous Metals",79731368308.35,1.05,0.58,9.25,146189,0.00,0.63
"RHI MAGNESITA INDIA LIMITED (RHIM)","Electrodes & Refractories","RHIM",79709550436.00,0.69,4.69,4.27,281131,47.12,0.64
"Supriya Lifescience Limited (SUPRIYA)","Pharmaceuticals","Pharmaceuticals & Biotechnology",79356040800.00,2.44,8.79,24.55,326713,30.49,0.10
"Vesuvius India Limited (VESUVIUS)","Electrodes & Refractories","Industrial Products",79134415920.00,-0.70,-3.95,-9.04,51904,40.47,0.00
"Entero Healthcare Solutions Limited (ENTERO)","Pharmacy Retail","ENTERO",78994375680.00,-1.64,4.77,11.15,110434,76.89,0.00
"Raymond Limited (RAYMOND)","Industrial Products","RAYMOND",78756723773.00,-0.60,20.96,88.62,3100301,18.86,0.00
"Medplus Health Services Limited (MEDPLUS)","Pharmacy Retail","Retailing",78689774955.00,0.10,-0.70,-3.41,122436,125.04,0.00
"Gujarat Pipavav Port Limited (GPPL)","Port & Port services","Transport Infrastructure",78558985375.00,-0.04,1.34,-1.22,1328565,27.74,3.05
"Sonata Software Limited (SONATSOFTW)","Computers - Software & Consulting","IT - Software",78504927239.20,1.89,2.17,-6.20,473878,4.73,1.47
"G R Infraprojects Limited (GRINFRA)","Civil Construction","Construction",78395380595.80,0.26,-1.90,-10.18,12680,16.46,0.00
"V2 Retail Limited (V2RETAIL)","Speciality Retail","Retailing",78338731242.00,0.12,0.38,-3.77,612614,88.01,0.00
"Madhya Bharat Agro Products Limited (MBAPL)","Fertilizers","Fertilizers & Agrochemicals",77230339487.00,2.68,5.31,-0.14,596290,66.09,0.00
"Raghav Productivity Enhancers Limited (RPEL)","Electrodes & Refractories","Industrial Products",76919266250.00,0.06,1.37,4.49,49098,124.40,0.00
"SKF India Limited (SKFINDIA)","Auto Components & Equipments","Industrial Products",76727718576.00,-0.14,-0.04,-1.04,21172,47.48,2.63
"BIRLASOFT LIMITED (BSOFT)","Computers - Software & Consulting","BSOFT",76684706755.20,-1.31,-2.21,-5.77,874041,25.50,2.31
"Waterways Leisure Tourism Limited (CORDELIA)","Tour, Travel Related Services","CORDELIA",76571708131.10,-2.56,-8.15,1.26,1083139,0.00,0.00
"Electronics Mart India Limited (EMIL)","Diversified Retail","Retailing",76565003638.00,5.85,1.39,10.35,6776165,44.87,0.00
"Man Industries (India) Limited (MANINDS)","Iron & Steel Products","Industrial Products",76509762420.00,5.97,19.78,43.36,1762428,28.06,0.00
"Star Cement Limited (STARCEMENT)","Cement & Cement Products","Cement & Cement Products",76423093144.10,-0.34,-4.61,-4.90,50622,37.94,0.00
"Mahindra Lifespace Developers Limited (MAHLIFE)","Residential, Commercial Projects","Realty",76387789970.00,0.83,-2.29,-4.93,155801,22.71,0.98
"Power Mech Projects Limited (POWERMECH)","Civil Construction","Construction",76195263720.00,-0.91,1.63,-3.73,20848,35.04,0.06
"GNG Electronics Limited (EBGNG)","Computers Hardware & Equipments","EBGNG",76131190476.75,-1.13,-5.02,14.19,433643,54.17,0.00
"Equitas Small Finance Bank Limited (EQUITASBNK)","Other Bank","Banks",76118763788.01,-4.53,-10.20,-11.36,5440394,13.90,0.00
"EPL Limited (EPL)","Packaging","Industrial Products",76104197326.45,0.02,-0.75,-8.04,1439511,32.80,1.05
"Orkla India Limited (ORKLAINDIA)","Other Food Products","Food Products",76029022650.00,1.83,-6.82,-1.89,98422,25.40,0.00
"Cello World Limited (CELLO)","Houseware","Consumer Durables",75893628864.50,-0.38,4.36,-5.08,268152,55.29,0.46
"Mishra Dhatu Nigam Limited (MIDHANI)","Aerospace & Defense","Aerospace & Defense",75816498000.00,-0.45,-3.02,-2.34,368821,101.26,0.50
"Garware Technical Fibres Limited (GARFIBRES)","Other Textile Products","Textiles & Apparels",75677467375.00,-1.08,-5.37,-3.19,23488,34.74,1.14
"Gujarat Ambuja Exports Limited (GAEL)","Other Agricultural Products","Agricultural Food & other Products",75221988240.00,0.79,4.49,-7.62,546758,16.88,0.18
"Nesco Limited (NESCO)","Diversified Commercial Services","Commercial Services & Supplies",75131455348.00,-0.30,-4.05,3.43,27868,18.07,0.65
"S.J.S. Enterprises Limited (SJS)","Auto Components & Equipments","Auto Components",75009179501.10,2.49,-4.00,-8.83,68630,32.64,0.15
"JK Paper Limited (JKPAPER)","Paper & Paper Products","Paper Forest & Jute Products",74095915769.15,-0.66,-5.10,5.08,191915,8.63,0.00
"Hindustan Foods Limited (HNDFDS)","Diversified FMCG","Diversified FMCG",74042527192.20,-0.95,-2.33,-2.81,24358,69.99,0.00
"Powerica Limited (POWERICA)","Heavy Electrical Equipment","POWERICA",74020192857.30,3.57,1.49,9.98,200960,0.00,0.00
"Cyient DLM Limited (CYIENTDLM)","Aerospace & Defense","Aerospace & Defense",73985298976.00,2.05,-0.92,21.14,261221,93.08,0.00
"Relaxo Footwears Limited (RELAXO)","Footwear","Consumer Durables",73934760042.00,1.82,1.97,-19.41,129942,107.71,0.00
"Zee Entertainment Enterprises Limited (ZEEL)","TV Broadcasting & Software Production","ZEEL",73777496650.20,-1.66,-2.30,-26.72,8793820,31.11,2.59
"Rain Industries Limited (RAIN)","Petrochemicals","RAIN",73632796046.68,0.51,5.80,9.19,3244552,11.01,0.00
"Timex Group India Limited (TIMEX)","Gems, Jewellery And Watches","TIMEX",73491600000.00,2.99,1.93,17.87,330363,0.00,0.00
"Innova Captab Limited (INNOVACAP)","Pharmaceuticals","Pharmaceuticals & Biotechnology",73419583907.00,-1.10,8.75,23.32,34476,51.69,0.15
"Sunflag Iron And Steel Company Limited (SUNFLAG)","Iron & Steel Products","Industrial Products",73376348253.20,3.49,17.98,16.88,2066226,28.75,0.26
"Knowledge Marine & Engineering Works Limited (KMEW)","Dredging","Engineering Services",72795589790.00,-0.88,-0.54,6.89,31064,56.24,0.00
"Sanofi India Limited (SANOFI)","Pharmaceuticals","Pharmaceuticals & Biotechnology",72394457194.80,0.24,1.81,-1.71,13319,29.50,3.83
"TTK Prestige Limited (TTKPRESTIG)","Household Appliances","Consumer Durables",72051166303.20,1.77,-0.90,-11.67,21938,63.36,1.43
"Kama Holdings Limited (KAMAHOLD)","Diversified","KAMAHOLD",71882888000.00,1.75,-0.44,-6.45,2135,0.00,0.00
"Safari Industries (India) Limited (SAFARI)","Plastic Products - Consumer","Consumer Durables",71707557331.00,-1.15,-2.50,-2.55,44195,68.41,0.13
"Sapphire Foods India Limited (SAPPHIRE)","Restaurants","Leisure Services",71668387815.00,-0.93,-3.09,-10.73,366017,380.86,0.00
"Eureka Forbes Limited (EUREKAFORB)","Household Appliances","Consumer Durables",71613198820.00,-1.13,-3.97,-9.83,220304,40.13,0.00
"Neogen Chemicals Limited (NEOGEN)","Specialty Chemicals","Chemicals & Petrochemicals",71410848979.00,2.54,-4.48,11.95,163069,122.87,0.04
"India Shelter Finance Corporation Limited (INDIASHLTR)","Housing Finance Company","Finance",71286258001.00,0.19,-4.23,-0.43,51372,21.27,1.50
"Centum Electronics Limited (CENTUM)","Aerospace & Defense","Industrial Manufacturing",70856200598.40,-0.73,10.77,46.57,73380,3797.29,0.10
"Balaji Amines Limited (BALAMINES)","Specialty Chemicals","Chemicals & Petrochemicals",70796185000.00,-1.64,0.62,-6.77,164986,33.81,0.48
"Fineotex Chemical Limited (FCL)","Specialty Chemicals","Chemicals & Petrochemicals",70335854360.00,7.87,5.93,23.82,47041849,32.82,0.00
"KSH International Limited (KSHINTL)","Aluminium, Copper & Zinc Products","Industrial Products",70194905200.00,-0.05,-1.05,6.78,131534,0.00,0.00
"Jyothy Labs Limited (JYOTHYLAB)","Household Products","Household Products",70130627310.78,-0.93,-2.10,-10.19,324174,54.98,1.80
"Bengal & Assam Company Limited (BENGALASM)","Non Banking Financial Company (NBFC)","Finance",70128276900.50,-0.54,-0.81,-0.25,106,0.00,0.81
"Nephrocare Health Services Limited (NEPHROPLUS)","Healthcare Service Provider","Healthcare Services",70039353251.00,-1.81,-6.30,-0.12,592871,0.00,0.00
"Aeroflex Industries Limited (AEROFLEX)","Iron & Steel Products","Industrial Products",69579517814.40,-0.28,2.92,6.06,515468,48.63,0.08
"Indiabulls Limited (IBULLSLTD)","Diversified Commercial Services","IBULLSLTD",69569654328.66,5.00,-1.84,10.11,14185546,13.55,0.00
"Cera Sanitaryware Limited (CERA)","Sanitary Ware","Consumer Durables",69517745990.00,-1.75,-4.52,-7.37,25221,57.40,1.18
"Ajax Engineering Limited (AJAXENGG)","Construction Vehicles","Agricultural Commercial & Construction Vehicles",69433486920.00,5.66,8.42,6.36,695472,28.88,0.00
"Sheela Foam Limited (SFL)","Furniture Home Furnishing","Consumer Durables",69344104390.00,-1.21,-3.39,-1.79,105699,72.70,0.00
"Newgen Software Technologies Limited (NEWGEN)","Computers - Software & Consulting","IT - Software",69281237472.30,-1.68,-2.24,-7.50,345857,54.60,1.19
"Le Travenues Technology Limited (IXIGO)","Tour, Travel Related Services","Leisure Services",69118043005.00,-1.58,-5.40,-6.93,1248580,80.98,0.00
"Inox Green Energy Services Limited (INOXGREEN)","Diversified Commercial Services","Power",68936184126.50,-1.33,0.22,-1.04,975212,208.08,0.00
"DCB Bank Limited (DCBBANK)","Private Sector Bank","DCBBANK",68817426283.20,0.35,-2.18,3.00,951797,6.86,0.00
"Ethos Limited (ETHOSLTD)","Gems, Jewellery And Watches","Consumer Durables",68229441380.70,-2.03,-4.19,-11.91,28869,138.97,0.00
"Technocraft Industries (India) Limited (TIIL)","Iron & Steel Products","Industrial Products",68179370865.80,-0.98,-1.54,-12.96,27627,26.89,0.66
"KPI Green Energy Limited (KPIGREEN)","Power Generation","Power",68177061763.20,1.97,21.25,8.03,1557582,67.62,0.11
"Transport Corporation of India Limited (TCI)","Logistics Solution Provider","Transport Services",68072391812.00,6.03,6.77,-0.87,5770660,27.74,1.21
"Sun Pharma Advanced Research Company Limited (SPARC)","Pharmaceuticals","Pharmaceuticals & Biotechnology",67917757489.40,2.49,7.93,7.63,2233858,4.18,0.00
"Optiemus Infracom Limited (OPTIEMUS)","Telecom - Equipment & Accessories","Telecom - Equipment & Accessories",67825061272.15,-2.94,28.77,27.53,487355,84.78,0.00
"GMM Pfaudler Limited (GMMPFAUDLR)","Industrial Products","Industrial Manufacturing",67435836000.00,2.02,2.25,49.27,220062,32.39,0.14
"Tata Teleservices (Maharashtra) Limited (TTML)","Telecom - Cellular & Fixed line services","Telecom - Services",67405908026.96,-1.66,-3.50,-8.18,1775354,182.42,0.00
"Sharda Cropchem Limited (SHARDACROP)","Pesticides & Agrochemicals","Fertilizers & Agrochemicals",67399220789.75,1.17,0.53,-2.65,75418,35.99,1.19
"Skipper Limited (SKIPPER)","Heavy Electrical Equipment","Electrical Equipment",67292217787.00,-0.22,-2.68,0.33,373119,46.61,0.02
"Ceigall India Limited (CEIGALL)","Civil Construction","Construction",67121132943.30,0.41,3.09,18.79,203979,20.74,0.00
"Redtape Limited (REDTAPE)","Footwear","Consumer Durables",66889719600.00,-0.88,3.11,0.09,507124,75.07,0.21
"Suprajit Engineering Limited (SUPRAJIT)","Auto Components & Equipments","Auto Components",66840636338.50,0.28,-2.36,-3.18,54422,43.20,0.00
"Kovai Medical Center & Hospital Limited (KOVAI)","Hospital","HEALTHCARE SERVICES",66747798200.00,-0.17,-2.02,1.91,3285,0.00,0.05
"Dilip Buildcon Limited (DBL)","Civil Construction","Construction",66626748254.95,-0.04,-3.61,-1.13,100526,442.81,0.24
"Indian Metals & Ferro Alloys Limited (IMFA)","Ferro & Silica Manganese","Ferrous Metals",66530808108.60,-0.85,-1.53,-10.50,59887,9.92,0.59
"Mrs. Bectors Food Specialities Limited (BECTORFOOD)","Packaged Foods","Food Products",66402065698.50,-0.05,-2.37,-13.79,428994,60.93,0.59
"Shivalik Bimetal Controls Limited (SBCL)","Iron & Steel Products","Industrial Products",66187225800.00,0.99,4.82,12.83,142912,43.36,0.00
"Morepen Laboratories Limited (MOREPENLAB)","Pharmaceuticals","Pharmaceuticals & Biotechnology",66083216099.40,3.24,-0.25,28.43,8996779,27.40,0.16
"Kusumgar Limited (KUSUMGAR)","Other Textile Products","KUSUMGAR",65829590244.00,1.06,6.06,4.64,190712,0.00,0.00
"Restaurant Brands Asia Limited (RBA)","Restaurants","Leisure Services",65696346725.80,2.05,-3.01,-13.22,2584085,0.00,0.00
"Omnitech Engineering Limited (OMNI)","Industrial Products","Industrial Manufacturing",65666656620.00,-2.54,-4.52,-7.97,316403,0.00,0.00
"Tanla Platforms Limited (TANLA)","Software Products","IT - Software",65653841880.00,1.05,1.18,-10.98,248415,22.30,2.40
"Birla Corporation Limited (BIRLACORPN)","Cement & Cement Products","Cement & Cement Products",65639357782.80,1.12,3.50,-3.15,35349,25.76,1.49
"Gokul Agro Resources Limited (GOKULAGRO)","Edible Oil","Agricultural Food & other Products",65370560195.48,-1.37,-1.21,-12.39,174168,18.85,0.00
"Bajaj Consumer Care Limited (BAJAJCON)","Personal Care","Personal Products",65309160500.00,-0.44,-2.37,9.88,305752,25.52,0.00
"Isgec Heavy Engineering Limited (ISGEC)","Civil Construction","Construction",65308910782.00,4.76,12.97,16.25,218727,40.01,0.69
"Campus Activewear Limited (CAMPUS)","Footwear","Consumer Durables",64437285186.80,-0.46,-0.62,-6.76,347831,106.84,0.00
"Tourism Finance Corporation of India Limited (TFCILTD)","Financial Institution","Finance",64145496602.00,-3.59,-0.77,1.12,30056074,19.38,0.85
"BOROSIL RENEWABLES LIMITED (BORORENEW)","Glass - Industrial","Industrial Products",64124120664.00,-1.00,-0.74,-13.79,289701,15.48,0.00
"Orchid Pharma Limited (ORCHPHARMA)","Pharmaceuticals","Pharmaceuticals & Biotechnology",63717852800.00,-2.85,7.51,2.45,63555,79.36,0.00
"JK Lakshmi Cement Limited (JKLAKSHMI)","Cement & Cement Products","JKLAKSHMI",63673676095.40,0.18,-3.26,-5.45,63165,20.44,1.27
"Jeena Sikho Lifecare Limited (JSLL)","Wellness","Pharmaceuticals & Biotechnology",63144770840.00,-0.57,-0.47,-1.61,162157,43.66,0.00
"Transrail Lighting Limited (TRANSRAILL)","Heavy Electrical Equipment","Electrical Equipment",62831819700.00,1.13,14.50,0.03,697224,15.38,0.41
"Dodla Dairy Limited (DODLA)","Dairy Products","Food Products",62668527989.20,-0.60,-4.13,-6.45,14762,37.43,0.48
"Lohia Corp Limited (LCL)","Industrial Products","LCL",62386325000.00,3.33,9.64,0.60,1672547,0.00,0.00
"Gujarat State Fertilizers & Chemicals Limited (GSFC)","Fertilizers","GSFC",62381657321.50,0.93,3.05,-1.64,735930,17.14,3.22
"Senores Pharmaceuticals Limited (SENORES)","Pharmaceuticals","Pharmaceuticals & Biotechnology",62176949158.80,0.81,-3.74,-8.80,280996,47.32,0.00
"ION Exchange (India) Limited (IONEXCHANG)","Water Supply & Management","Other Utilities",62039967570.00,-0.10,-4.36,14.48,108351,48.81,0.29
"OnEMI Technology Solutions Limited (KISSHT)","Other Financial Services","KISSHT",61751750901.20,3.29,-2.16,12.26,1179779,0.00,0.00
"GANESH HOUSING LIMITED (GANESHHOU)","Residential, Commercial Projects","Realty",61698107891.00,-0.28,-0.21,-11.78,18687,17.76,0.20
"LEAP India Limited (LEAPIND)","Diversified Commercial Services","LEAPIND",61675104120.00,-2.22,-0.33,-11.57,1105790,0.00,0.00
"Seshaasai Technologies Limited (STYL)","Financial Technology (Fintech)","Financial Technology (Fintech)",61348678927.90,3.11,5.22,-3.70,468659,22.74,0.00
"Smartworks Coworking Spaces Limited (SMARTWORKS)","Diversified Commercial Services","Commercial Services & Supplies",61308256736.00,-1.68,-2.07,-0.79,79157,221.17,0.00
"Balu Forge Industries Limited (BALUFORGE)","Castings & Forgings","Industrial Products",61254352740.00,1.75,-3.36,-17.22,621775,64.23,0.00
"V-Mart Retail Limited (VMART)","Diversified Retail","Retailing",60875173350.00,-1.76,-5.34,-11.27,108294,44.74,0.00
"Steel Strips Wheels Limited (SSWL)","Auto Components & Equipments","Auto Components",60547065425.00,0.70,3.38,32.26,1650357,14.89,0.40
"Piccadily Agro Industries Limited (PICCADIL)","Breweries & Distilleries","Beverages",60336009342.40,1.90,3.85,-9.57,116320,42.19,0.00
"Wheels India Limited (WHEELS)","Auto Components & Equipments","Auto Components",60184525835.00,5.30,7.78,56.41,615400,30.13,0.41
"Aditya Birla Fashion and Retail Limited (ABFRL)","Speciality Retail","ABFRL",60049097658.00,2.25,-1.91,-9.69,4619236,0.00,0.00
"Rashtriya Chemicals and Fertilizers Limited (RCF)","Fertilizers","Fertilizers & Agrochemicals",60034699042.00,0.17,-0.24,-12.57,642414,57.74,1.22
"IOL Chemicals and Pharmaceuticals Limited (IOLCP)","Pharmaceuticals","Pharmaceuticals & Biotechnology",59762201036.00,0.48,0.22,18.12,2455948,22.74,0.00
"Archean Chemical Industries Limited (ACI)","Specialty Chemicals","Chemicals & Petrochemicals",59692133499.00,-1.80,3.50,-3.15,116822,33.53,0.53
"Jai Balaji Industries Limited (JAIBALAJI)","Iron & Steel","Ferrous Metals",59296700450.00,-0.82,0.81,-0.93,226361,16.19,0.00
"Rashi Peripherals Limited (RPTECH)","Computers Hardware & Equipments","IT - Hardware",58848772105.20,1.08,11.05,13.70,214767,13.01,0.22
"SIS LIMITED (SIS)","Other Consumer Services","Other Consumer Services",58800028768.00,-0.01,-2.86,0.70,83932,44.08,0.00
"India Tourism Development Corporation Limited (ITDC)","Hotels & Resorts","Leisure Services",58408961400.00,-0.88,3.45,-0.09,76097,90.82,0.42
"Prism Johnson Limited (PRSMJOHNSN)","Cement & Cement Products","Cement & Cement Products",58313859793.00,0.93,-1.03,7.31,221858,39.12,0.00
"Kalpataru Limited (KALPATARU)","Residential, Commercial Projects","KALPATARU",58236132410.40,1.46,3.04,1.31,128997,55.68,0.00
"Vikram Solar Limited (VIKRAMSOLR)","Other Electrical Equipment","Electrical Equipment",58157878150.50,-0.07,-2.97,-5.58,897713,16.29,0.00
"Praj Industries Limited (PRAJIND)","Industrial Products","Industrial Manufacturing",58066554499.20,-0.06,-0.05,-9.17,337732,45.30,1.12
"CSB Bank Limited (CSBBANK)","Private Sector Bank","Banks",57944266218.00,-0.01,-0.64,-1.58,186281,10.28,0.00
"Marine Electricals (India) Limited (MARINE)","Industrial Products","Industrial Manufacturing",57936985740.00,3.05,9.18,10.84,1423212,137.19,0.00
"Shakti Pumps (India) Limited (SHAKTIPUMP)","Compressors, Pumps & Diesel Engines","Industrial Products",57682378739.25,-1.11,1.41,-4.98,205670,40.20,0.00
"TVS Supply Chain Solutions Limited (TVSSCS)","Logistics Solution Provider","Transport Services",57456160240.94,-0.16,-2.71,-3.64,420956,232.29,0.00
"Greenlam Industries Limited (GREENLAM)","Plywood Boards/ Laminates","Consumer Durables",57408232950.00,-1.18,-2.81,-9.58,82357,58.34,0.18
"Krishana Phoschem Limited (KRISHANA)","Fertilizers","Fertilizers & Agrochemicals",57391469700.00,1.48,3.20,-7.97,356024,35.75,0.00
"Just Dial Limited (JUSTDIAL)","Internet & Catalogue Retail","JUSTDIAL",56906307311.20,-0.02,0.01,2.08,68435,26.30,0.00
"Stylam Industries Limited (STYLAMIND)","Plywood Boards/ Laminates","Consumer Durables",56742104880.00,1.51,1.59,-5.85,41489,24.76,0.00
"Artemis Medicare Services Limited (ARTEMISMED)","Hospital","Healthcare Services",56689467050.70,7.51,5.79,10.63,18980196,61.89,0.13
"Fedbank Financial Services Limited (FEDFINA)","Non Banking Financial Company (NBFC)","FEDFINA",56668917588.92,-0.67,-2.70,-5.01,956913,13.22,0.00
"Jana Small Finance Bank Limited (JSFB)","Other Bank","JSFB",56366103287.00,2.40,1.08,-6.60,3086326,6.48,0.00
"Hindustan Construction Company Limited (HCC)","Civil Construction","Construction",55925643123.70,-1.67,-1.93,-5.57,9997995,34.14,0.00
"FDC Limited (FDC)","Pharmaceuticals","Pharmaceuticals & Biotechnology",55689189232.20,-1.36,-2.96,-0.47,111248,25.44,1.43
"Arvind Fashions Limited (ARVINDFASN)","Speciality Retail","Retailing",55687835187.20,0.71,-2.69,-4.89,253117,50.54,0.38
"AvenuesAI Limited (CCAVENUE)","Financial Technology (Fintech)","Financial Technology (Fintech)",55465534162.50,-0.63,-1.12,5.58,6133145,45.88,0.00
"Jamna Auto Industries Limited (JAMNAAUTO)","Auto Components & Equipments","Auto Components",55197948630.00,-0.14,10.37,14.38,3496903,25.04,0.00
"LG Balakrishnan & Bros Limited (LGBBROSLTD)","Auto Components & Equipments","Auto Components",55173879680.00,-0.57,-0.02,7.35,16354,15.51,1.27
"Sharda Motor Industries Limited (SHARDAMOTR)","Auto Components & Equipments","Auto Components",54881766936.00,-0.57,-1.14,9.34,45449,24.25,2.06
"Gulf Oil Lubricants India Limited (GULFOILLUB)","Lubricants","Petroleum Products",54823278413.80,1.45,3.38,-4.17,59678,19.55,4.64
"Greaves Cotton Limited (GREAVESCOT)","Compressors, Pumps & Diesel Engines","Industrial Products",54631770301.68,5.84,18.83,22.03,10729752,101.06,0.97
"Nirlon Limited (NIRLON)","Diversified Commercial Services","Commercial Services & Supplies",54521414200.00,-0.34,0.77,-5.97,503,0.00,0.00
"Lumax Industries Limited (LUMAXIND)","Auto Components & Equipments","Auto Components",54310322920.00,0.64,-0.70,-1.68,4537,46.51,0.95
"Saatvik Green Energy Limited (SAATVIKGL)","Other Electrical Equipment","Electrical Equipment",54210284206.00,-2.40,3.57,1.10,92616,22.47,0.00
"Vadilal Industries Limited (VADILALIND)","Dairy Products","Food Products",54196238200.00,1.63,2.42,1.38,6174,19.71,0.57
"Senco Gold Limited (SENCO)","Gems, Jewellery And Watches","Consumer Durables",54087316470.00,-1.46,-5.17,-10.48,681767,37.39,0.29
"Gujarat Themis Biosyn Limited (GUJTHEM)","Pharmaceuticals","Pharmaceuticals & Biotechnology",54012957575.00,1.60,-2.90,2.55,159525,109.72,0.00
"Indigo Paints Limited (INDIGOPNTS)","Paints","Consumer Durables",53918786755.20,0.97,2.72,-0.55,42663,47.39,0.44
"eMudhra Limited (EMUDHRA)","IT Enabled Services","IT - Services",53893858915.60,-0.90,6.09,19.74,409910,85.35,0.00
"Valor Estate Limited (DBREALTY)","Residential, Commercial Projects","Leisure Services",53860991367.30,-0.14,3.78,-7.44,667369,8.76,0.00
"Triveni Engineering & Industries Limited (TRIVENI)","Sugar","Agricultural Food & other Products",53780656696.40,3.06,3.73,-15.43,1349570,23.85,1.13
"Ram Ratna Wires Limited (RAMRAT)","Other Electrical Equipment","Electrical Equipment",53498353163.20,3.94,3.31,17.07,292137,31.72,0.45
"Rossell Techsys Limited (ROSSTECH)","Aerospace & Defense","Aerospace & Defense",52699672050.00,-1.14,1.72,33.10,132626,207.86,0.02
"Man Infraconstruction Limited (MANINFRA)","Residential, Commercial Projects","Construction",52678478902.50,4.65,3.87,14.61,3830660,25.62,0.94
"Goodluck India Limited (GOODLUCK)","Iron & Steel Products","Industrial Products",52490253412.80,-0.90,1.77,15.39,239704,21.70,0.00
"Ellenbarrie Industrial Gases Limited (ELLEN)","Industrial Gases","Chemicals & Petrochemicals",52019329960.00,3.02,-1.07,17.14,651892,41.78,0.00
"AGI Greenpac Limited (AGI)","Packaging","Industrial Products",52016694324.00,-2.19,7.91,10.01,182324,20.60,0.84
"Fiem Industries Limited (FIEMIND)","Auto Components & Equipments","Auto Components",51981328500.00,2.52,1.95,-8.80,120437,20.68,2.08
"NRB Bearing Limited (NRBBEARING)","Auto Components & Equipments","Auto Components",51853591000.00,1.12,1.81,13.81,355143,33.11,1.47
"Mstc Limited (MSTCLTD)","Trading & Distributors","Commercial Services & Supplies",51747520000.00,0.37,1.52,0.98,418504,28.44,2.09
"Quess Corp Limited (QUESS)","Diversified Commercial Services","Commercial Services & Supplies",51216961986.30,-3.54,-2.50,-1.20,1520564,29.81,0.84
"Rolex Rings Limited (ROLEXRINGS)","Auto Components & Equipments","Auto Components",51194308368.00,7.68,13.41,6.98,7169312,32.87,0.00
"MAS Financial Services Limited (MASFIN)","Non Banking Financial Company (NBFC)","Finance",51142634307.45,0.86,-2.46,-5.92,226045,18.78,0.69
"Texmaco Rail & Engineering Limited (TEXRAIL)","Railway Wagons","Industrial Manufacturing",51061503786.00,-0.87,9.45,16.14,3485269,105.85,0.60
"Yasho Industries Limited (YASHO)","Specialty Chemicals","Chemicals & Petrochemicals",50832712520.00,4.71,5.35,0.34,45970,51.38,0.01
"PDS Limited (PDSL)","Trading - Textile Products","Textiles & Apparels",50784295447.00,-0.56,2.24,-1.86,61436,35.33,0.46
"Shanthi Gears Limited (SHANTIGEAR)","Industrial Products","Industrial Manufacturing",50724522003.60,0.05,-5.55,18.52,28415,53.22,0.00
"Laxmi Organic Industries Limited (LXCHEM)","Specialty Chemicals","Chemicals & Petrochemicals",50574915832.14,0.45,2.10,6.73,617908,66.26,0.27
"RPG Life Sciences Limited (RPGLIFE)","Pharmaceuticals","Pharmaceuticals & Biotechnology",50526690825.00,5.20,9.01,18.20,111001,37.94,0.79
"VRL Logistics Limited (VRLLOG)","Logistics Solution Provider","Transport Services",50504309013.00,-0.67,-1.67,-0.43,118757,69.68,0.00
"Gokaldas Exports Limited (GOKEX)","Garments & Apparels","Textiles & Apparels",50400352538.40,-0.47,-5.49,-13.07,158193,51.81,0.00
"Puravankara Limited (PURVA)","Residential, Commercial Projects","Realty",50363478815.82,-0.55,-0.50,-2.55,78727,138.40,0.00
"Latent View Analytics Limited (LATENTVIEW)","Computers - Software & Consulting","IT - Software",50331579051.50,-0.67,-4.82,-12.99,382848,61.60,0.00
"Bansal Wire Industries Limited (BANSALWIRE)","Iron & Steel Products","BANSALWIRE",50082249044.80,-0.60,2.99,0.55,55601,35.62,0.00
"Deep Industries Limited (DEEPINDS)","Oil Equipment & Services","Oil",49920000000.00,1.97,4.93,20.06,339780,15.48,0.00
"IFB Industries Limited (IFBIND)","Household Appliances","Consumer Durables",49757081488.00,0.24,0.24,-10.37,13377,75.30,0.00
"Bajaj Hindusthan Sugar Limited (BAJAJHIND)","Sugar","Agricultural Food & other Products",49701946992.39,4.42,6.45,-8.86,31108504,41.21,0.00
"Shree Renuka Sugars Limited (RENUKA)","Sugar","Agricultural Food & other Products",49636381506.36,1.70,1.13,-5.47,24534315,0.00,0.00
"BOSCH HOME COMFORT INDIA LIMITED (BOSCH-HCIL)","Household Appliances","Consumer Durables",49568981532.00,4.72,7.62,9.50,98241,190.43,0.00
"KDDL Limited (KDDL)","Gems, Jewellery And Watches","Consumer Durables",49550109336.00,-2.10,4.41,2.65,46381,32.65,0.19
"DEE Development Engineers Limited (DEEDEV)","Industrial Products","Industrial Manufacturing",49443596681.70,-1.39,-1.73,1.44,130551,63.45,0.00
"MOIL Limited (MOIL)","Industrial Minerals","Minerals & Mining",49239351357.78,-1.43,-0.78,-4.84,304344,24.58,2.41
"Surya Roshni Limited (SURYAROSNI)","Iron & Steel Products","Industrial Products",49229239675.20,4.57,7.40,2.71,923512,19.01,2.33
"Mastek Limited (MASTEK)","Computers - Software & Consulting","IT - Software",49207118712.00,2.54,-0.08,-4.77,197473,28.00,1.53
"Novartis India Limited (NOVARTIND)","Pharmaceuticals","Pharmaceuticals & Biotechnology",49109995233.00,-0.29,-2.82,33.82,17098,0.00,0.00
"CMR Green Technologies Limited (CMRGREEN)","Aluminium, Copper & Zinc Products","CMRGREEN",49068429536.00,1.71,-3.39,2.79,591723,0.00,0.00
"Savita Oil Technologies Limited (SOTL)","Lubricants","Petroleum Products",48952136310.00,-1.83,0.84,5.99,158106,21.56,0.00
"Goldiam International Limited (GOLDIAM)","Gems, Jewellery And Watches","Consumer Durables",48818147781.25,1.04,-0.77,-9.93,256884,22.43,0.00
"Northern Arc Capital Limited (NORTHARC)","Non Banking Financial Company (NBFC)","Finance",48679899193.75,-0.69,-4.07,3.15,508385,11.16,0.00
"CARE Ratings Limited (CARERATING)","Ratings","Capital Markets",48641235380.00,0.67,-3.21,-0.22,14444,27.53,1.34
"Ashapura Minechem Limited (ASHAPURMIN)","Industrial Minerals","Minerals & Mining",48575020833.00,-0.83,-3.21,-10.87,168617,20.66,0.00
"Foseco India Limited (FOSECOIND)","Specialty Chemicals","FOSECOIND",48547485219.00,-0.14,-3.54,14.70,19496,48.86,0.38
"Filatex India Limited (FILATEX)","Other Textile Products","Textiles & Apparels",48535580387.50,1.54,16.49,33.11,6901260,21.29,0.28
"Thomas Cook  (India)  Limited (THOMASCOOK)","Tour, Travel Related Services","Leisure Services",48496235942.20,-0.48,-2.77,-6.63,209188,36.03,0.48
"C.E. Info Systems Limited (MAPMYINDIA)","Software Products","IT - Software",48455760756.00,-0.10,-1.71,-8.33,76763,89.37,0.39
"Capillary Technologies India Limited (CAPILLARY)","Software Products","IT - Software",48326277463.20,5.62,25.44,18.97,1297575,0.00,0.00
"UFLEX Limited (UFLEX)","Packaging","Industrial Products",48237272648.00,0.40,1.30,10.17,77164,10.61,0.45
"Juniper Hotels Limited (JUNIPER)","Hotels & Resorts","Leisure Services",48016014467.20,-0.97,-3.80,1.95,75553,202.88,0.00
"West Coast Paper Mills Limited (WSTCSTPAPR)","Paper & Paper Products","Paper Forest & Jute Products",47984531662.00,-0.82,-5.44,19.85,179172,6.16,0.40
"Universal Cables Limited (UNIVCABLES)","Cables - Electricals","Industrial Products",47664843720.00,-1.52,0.88,-6.28,69934,84.87,0.30
"Datamatics Global Services Limited (DATAMATICS)","IT Enabled Services","IT - Services",47580643145.00,3.02,5.10,0.73,216033,18.04,0.63
"Happiest Minds Technologies Limited (HAPPSTMNDS)","Computers - Software & Consulting","IT - Software",47403148664.30,-0.35,-3.19,-30.19,413053,50.90,1.15
"Raymond Realty Limited (RAYMONDREL)","Residential, Commercial Projects","Realty",47134201548.00,0.42,20.35,22.64,8688746,15.64,0.30
"Jindal Worldwide Limited (JINDWORLD)","Other Textile Products","Textiles & Apparels",47022033800.00,-4.90,-5.63,34.15,7279293,94.41,0.00
"Shilchar Technologies Limited (SHILCTECH)","Heavy Electrical Equipment","Electrical Equipment",46950580800.00,0.60,0.89,4.70,12541,0.00,0.00
"Subros Limited (SUBROS)","Other Industrial Products","Industrial Products",46943645700.00,0.11,-0.10,-1.36,25909,38.90,0.41
"Sambhv Steel Tubes Limited (SAMBHV)","Iron & Steel Products","Industrial Products",46852757211.00,4.44,7.75,23.58,5127428,27.24,0.00
"Wakefit Innovations Limited (WAKEFIT)","Furniture Home Furnishing","Consumer Durables",46761975879.00,-1.04,-3.98,-2.85,527519,0.00,0.00
"Vishnu Chemicals Limited (VISHNU)","Specialty Chemicals","Chemicals & Petrochemicals",46676417925.60,-0.80,-3.98,7.86,66047,27.20,0.00
"Zota Health Care LImited (ZOTA)","Pharmaceuticals","ZOTA",46573902997.60,-0.68,17.50,24.89,30110,0.00,0.07
"Shoppers Stop Limited (SHOPERSTOP)","Diversified Retail","Retailing",46506789364.00,10.00,5.57,6.94,3588100,180.86,0.00
"Gujarat Alkalies and Chemicals Limited (GUJALKALI)","Commodity Chemicals","Chemicals & Petrochemicals",46417392944.00,1.63,-1.05,-13.03,46193,68.72,2.80
"PTC India Limited (PTC)","Power Trading","Power",46058894747.60,-0.51,-0.40,-1.55,997223,11.22,14.64
"Keystone Realtors Limited (RUSTOMJEE)","Residential, Commercial Projects","Realty",45955279916.00,0.69,2.90,-2.73,537143,143.40,0.00
"Canara Robeco Asset Management Company Limited (CRAMC)","Asset Management Company","Capital Markets",45895921054.20,0.72,-1.65,-10.29,153397,0.00,0.00
"MPS Limited (MPSLTD)","Printing & Publication","Printing & Publication",45809375248.00,1.91,0.40,-1.00,5474,32.28,0.00
"Epigral Limited (EPIGRAL)","Specialty Chemicals","Chemicals & Petrochemicals",45514111590.00,-0.97,-4.55,-14.98,33156,33.11,0.46
"Share India Securities Limited (SHAREINDIA)","Stockbroking & Allied","Capital Markets",45260095605.00,-1.05,-8.79,20.55,1080901,12.85,0.00
"GE Power India Limited (GVPIL)","Heavy Electrical Equipment","Electrical Equipment",45096187546.80,1.56,2.24,4.08,103896,105.11,1.02
"Pilani Investment and Industries Corporation Limited (PILANIINVS)","Investment Company","Finance",44731890000.00,0.20,-0.66,-8.08,1020,35.03,0.00
"Electrosteel Castings Limited (ELECTCAST)","Iron & Steel Products","ELECTCAST",44731837004.76,-0.30,-1.39,-5.52,757352,14.60,1.21
"Venus Pipes & Tubes Limited (VENUSPIPES)","Iron & Steel Products","Industrial Products",44539636500.00,-1.95,-5.82,38.71,148235,43.89,0.02
"SMS Pharmaceuticals Limited (SMSPHARMA)","Pharmaceuticals","Pharmaceuticals & Biotechnology",44395744821.50,0.20,7.02,32.88,361831,42.89,0.08
"Antelopus Selan Energy Limited (ANTELOPUS)","Oil Exploration & Production","Oil",44380673820.00,11.56,14.04,60.18,7877531,29.61,0.00
"Sanathan Textiles Limited (SANATHAN)","Other Textile Products","Textiles & Apparels",44164423871.75,-1.14,8.82,15.87,189507,73.54,0.00
"Sindhu Trade Links Limited (SINDHUTRAD)","Coal","Transport Services",43848734678.00,0.38,-3.72,0.00,345032,42.02,0.00
"Pitti Engineering Limited (PITTIENG)","Industrial Products","Industrial Manufacturing",43678162080.00,0.12,1.21,3.27,93537,52.24,0.21
"Seamec Limited (SEAMECLTD)","Shipping","Transport Services",43502175000.00,-1.03,-0.89,3.72,31625,27.67,0.11
"Responsive Industries Limited (RESPONIND)","Furniture Home Furnishing","Consumer Durables",43318556229.12,2.03,2.07,5.71,2449470,41.18,0.06
"Swaraj Engines Limited (SWARAJENG)","Compressors, Pumps & Diesel Engines","Industrial Products",43132020750.00,-0.08,-2.07,-0.05,4651,25.88,0.00
"Hirect Limited (HIRECT)","Industrial Products","Industrial Manufacturing",42975829260.00,-0.50,-2.48,-1.89,24429,64.48,0.11
"Dhanuka Agritech Limited (DHANUKA)","Pesticides & Agrochemicals","Fertilizers & Agrochemicals",42884347688.00,-0.34,-1.16,-2.21,6793,32.50,0.20
"VIP Industries Limited (VIPIND)","Plastic Products - Consumer","Consumer Durables",42758162496.00,0.08,0.64,0.43,208836,10703.29,0.00
"Bannari Amman Sugars Limited (BANARISUG)","Sugar","Agricultural Food & other Products",42647519700.00,2.89,2.54,-12.79,3531,26.83,0.00
"Deccan Gold Mines Limited (DECNGOLD)","Precious Metals","DECNGOLD",42509288382.00,-0.70,-1.11,-7.75,989554,0.00,0.00
"ICRA Limited (ICRA)","Ratings","Capital Markets",42417160245.00,-1.46,-3.29,-13.93,24469,38.19,0.00
"Hawkins Cookers Limited (HAWKINCOOK)","Houseware","HAWKINCOOK",42381837225.00,-0.20,-3.27,-1.69,986,0.00,0.00
"Gufic Biosciences Limited (GUFICBIO)","Pharmaceuticals","Pharmaceuticals & Biotechnology",42359330534.40,0.41,-3.12,2.12,31206,41.71,0.02
"Indiqube Spaces Limited (INDIQUBE)","Diversified Commercial Services","Commercial Services & Supplies",42346527391.50,2.51,3.58,3.77,42054,0.00,0.00
"Kalyani Steels Limited (KSL)","Iron & Steel Products","Industrial Products",42120837594.00,-0.98,1.03,10.38,94739,19.93,1.00
"WPIL Limited (WPIL)","Other Industrial Products","WPIL",42052162940.00,-1.24,-0.73,-2.79,64064,0.00,0.45
"Tatva Chintan Pharma Chem Limited (TATVA)","Specialty Chemicals","Chemicals & Petrochemicals",42047218862.50,3.74,1.54,13.69,66589,87.88,0.11
"Raymond Lifestyle Limited (RAYMONDLSL)","Other Textile Products","Textiles & Apparels",41964195655.20,-0.18,6.24,-3.73,240261,96.70,0.15
"Harsha Engineers International Limited (HARSHA)","Other Industrial Products","Industrial Products",41930362557.75,0.98,4.56,7.53,150621,39.62,0.00
"Kaveri Seed Company Limited (KSCL)","Other Agricultural Products","KSCL",41871403794.00,2.64,16.90,3.45,9425259,19.71,0.00
"Aye Finance Limited (AYE)","Non Banking Financial Company (NBFC)","Finance",41682098987.40,-2.76,-9.06,-2.28,1078430,0.00,0.00
"Mahindra Logistics Limited (MAHLOG)","Logistics Solution Provider","Transport Services",41597231438.00,0.05,6.68,4.83,447609,87.17,0.60
"Sunteck Realty Limited (SUNTECK)","Residential, Commercial Projects","Realty",41526924670.00,-0.37,-3.83,-9.94,79920,121.20,0.52
"Avantel Limited (AVANTEL)","Aerospace & Defense","Aerospace & Defense",41476981647.96,0.39,6.00,-1.09,1850814,240.32,0.14
"Network18 Media & Investments Limited (NETWORK18)","Media & Entertainment","Entertainment",41171400480.60,-0.82,-1.11,-12.06,2897376,0.00,0.00
"Sterling and Wilson Renewable Energy Limited (SWSOLAR)","Civil Construction","Construction",41138316024.65,-0.39,0.05,-10.63,532217,260.54,0.00
"Symphony Limited (SYMPHONY)","Household Appliances","Consumer Durables",40495524580.00,2.10,-1.50,-0.97,37195,53.32,1.52
"Mahindra Holidays & Resorts India Limited (MHRIL)","Hotels & Resorts","Leisure Services",40211666723.00,0.15,-0.15,-9.17,44040,71.86,0.00
"SG Finserve Limited (SGFIN)","Non Banking Financial Company (NBFC)","Finance",40195950000.00,1.35,-3.32,-12.92,137855,25.28,0.00
"Grauer & Weil India Limited (GRAUWEIL)","Commodity Chemicals","Chemicals & Petrochemicals",39854870850.00,1.53,1.48,29.59,1099667,0.00,0.58
"Moschip Technologies Limited (MOSCHIP)","Computers Hardware & Equipments","IT - Hardware",39807349585.44,0.41,-2.30,-0.61,750714,147.47,0.00
"Vardhman Special Steels Limited (VSSL)","Iron & Steel Products","Industrial Products",39652318038.90,1.60,1.32,19.01,78218,22.47,0.73
"Sanghvi Movers Limited (SANGHVIMOV)","Diversified Commercial Services","Commercial Services & Supplies",39513286400.00,2.14,5.97,-0.44,269827,13.09,0.05
"63 moons technologies limited (63MOONS)","Computers - Software & Consulting","IT - Software",39443227672.00,-0.61,-3.25,9.36,180556,7.55,0.00
"Ashiana Housing Limited (ASHIANA)","Residential, Commercial Projects","Realty",39375586486.90,0.31,10.42,7.24,19421,44.77,0.00
"John Cockerill India Limited (COCKERILL)","Industrial Products","COCKERILL",39132168025.00,0.01,-2.93,0.45,2130,0.00,0.00
"Ahluwalia Contracts (India) Limited (AHLUCONT)","Civil Construction","Construction",39124084418.00,0.48,-0.11,-10.39,29866,38.42,0.12
"Refex Industries Limited (REFEX)","Waste Management","Chemicals & Petrochemicals",39014076196.40,0.86,4.58,-1.97,230207,32.24,0.35
"Rallis India Limited (RALLIS)","Pesticides & Agrochemicals","Fertilizers & Agrochemicals",38952118667.00,0.01,-1.72,-5.93,378388,51.84,1.48
"Aarti Drugs Limited (AARTIDRUGS)","Pharmaceuticals","Pharmaceuticals & Biotechnology",38890147000.00,-2.25,-1.32,0.92,212626,29.90,0.46
"GHCL Limited (GHCL)","Commodity Chemicals","Chemicals & Petrochemicals",38630383641.50,-0.36,-0.57,-4.88,80239,11.64,2.83
"Unichem Laboratories Limited (UNICHEMLAB)","Pharmaceuticals","Pharmaceuticals & Biotechnology",38610513300.00,-0.53,0.49,4.25,50490,2226.80,0.00
"V.S.T Tillers Tractors Limited (VSTTILLERS)","Tractors","Agricultural Commercial & Construction Vehicles",38504755300.00,-0.96,4.95,0.00,14779,27.94,0.56
"Kolte - Patil Developers Limited (KOLTEPATIL)","Residential, Commercial Projects","Realty",38394046697.30,-0.01,0.28,-5.77,33128,30.54,0.00
"Uniparts India Limited (UNIPARTS)","Auto Components & Equipments","Auto Components",38296550896.00,-0.37,1.98,2.71,85608,19.38,0.00
"Laser Power & Infra Limited (LASERPOWER)","Cables - Electricals","LASERPOWER",38250373195.00,-0.87,-2.94,-18.75,364686,0.00,0.00
"TARC Limited (TARC)","Residential, Commercial Projects","Realty",38155956115.50,0.01,-2.85,7.07,181062,0.00,0.00
"TruAlt Bioenergy Limited (TRUALT)","Other Agricultural Products","Agricultural Food & other Products",37988397813.00,3.01,5.05,1.71,442258,24.29,0.00
"Kwality Pharmaceuticals Limited (KPL)","Pharmaceuticals","KPL",37976884680.00,0.83,5.44,8.51,32185,0.00,0.00
"Steelcast Limited (STEELCAS)","Castings & Forgings","Industrial Products",37950000000.00,5.23,17.22,10.64,1078414,19.51,0.00
"Network People Services Technologies Limited (NPST)","Financial Technology (Fintech)","IT - Services",37867252500.00,0.79,-0.74,12.87,39440,558.23,0.00
"Kirloskar Industries Limited (KIRLOSIND)","Iron & Steel Products","Industrial Products",37844997580.00,-1.03,-2.67,-2.70,5403,13.71,0.00
"Heritage Foods Limited (HERITGFOOD)","Dairy Products","Food Products",37726213800.00,-1.62,-2.76,4.28,189918,33.47,0.00
"RattanIndia Power Limited (RTNPOWER)","Power Generation","Power",37644442078.60,-0.28,-1.82,-10.36,14384293,53.55,0.00
"Jash Engineering Limited (JASH)","Industrial Products","Industrial Manufacturing",37619221516.00,2.89,14.23,22.92,322251,47.60,0.27
"RattanIndia Enterprises Limited (RTNINDIA)","E-Retail/ E-Commerce","Retailing",37445683247.28,1.47,2.07,-9.73,923840,9.72,0.00
"TCPL Packaging Limited (TCPLPACK)","Packaging","Industrial Products",37344580000.00,1.18,6.75,4.76,9656,25.20,0.62
"CMS Info Systems Limited (CMSINFO)","Diversified Commercial Services","Commercial Services & Supplies",37277168719.35,0.37,0.85,-4.88,504573,25.25,1.17
"Alok Industries Limited (ALOKINDS)","Other Textile Products","Textiles & Apparels",37090345795.47,0.27,5.96,-33.84,20004287,0.00,0.00
"Welspun Specialty Solutions Limited (WELSPLSOL)","Iron & Steel Products","WELSPLSOL",36907457486.50,2.88,0.09,9.65,563618,0.00,0.00
"Aurionpro Solutions Limited (AURIONPRO)","Computers - Software & Consulting","IT - Software",36884397636.80,-1.88,-2.65,-6.17,102892,60.26,0.44
"Rane (Madras) Limited (RML)","Auto Components & Equipments","Auto Components",36779501919.60,-2.97,0.48,17.46,45192,13.77,1.18
"Bajaj Electricals Limited (BAJAJELEC)","Household Appliances","Consumer Durables",36773970429.60,-0.78,-1.38,-4.71,107647,90.02,0.91
"Premier Explosives Limited (PREMEXPLN)","Explosives","Chemicals & Petrochemicals",36608685735.25,-0.02,1.90,2.31,97193,115.04,0.07
"Kiri Industries Limited (KIRIINDUS)","Dyes And Pigments","Chemicals & Petrochemicals",36481046400.00,-0.43,5.28,12.25,631430,0.62,0.00
"Styrenix Performance Materials Limited (STYRENIX)","Specialty Chemicals","Chemicals & Petrochemicals",36393450937.50,-1.02,0.08,-1.20,23553,22.74,2.54
"Ideaforge Technology Limited (IDEAFORGE)","Aerospace & Defense","Aerospace & Defense",36058550252.40,0.48,-0.58,-8.04,135969,108.92,0.00
"Pace Digitek Limited (PACEDIGITK)","Telecom - Infrastructure","Telecom - Services",35934928918.96,-0.60,6.60,-8.66,473697,11.47,0.00
"J.Kumar Infraprojects Limited (JKIL)","Civil Construction","Construction",35865449844.00,-0.95,-2.58,-4.64,61355,19.02,0.83
"Greenply Industries Limited (GREENPLY)","Plywood Boards/ Laminates","Consumer Durables",35784435892.50,-2.40,-2.17,-0.49,357533,45.88,0.17
"JTL INDUSTRIES LIMITED (JTLIND)","Iron & Steel Products","Industrial Products",35703604452.90,1.18,3.60,15.24,1548897,36.02,0.14
"Pondy Oxides & Chemicals Limited (POCL)","Diversified Metals","Diversified Metals",35496058973.95,-0.44,-0.98,-7.79,359098,41.91,0.41
"Samhi Hotels Limited (SAMHI)","Hotels & Resorts","Leisure Services",35401883379.12,0.16,-1.71,0.30,352713,156.51,0.00
"Solara Active Pharma Sciences Limited (SOLARA)","Pharmaceuticals","Pharmaceuticals & Biotechnology",35382133274.25,1.62,-0.81,17.10,287888,0.00,0.00
"TVS Srichakra Limited (TVSSRICHAK)","Tyres & Rubber Products","Auto Components",35260715250.00,4.48,-4.94,-4.30,10416,31.43,0.81
"Lux Industries Limited (LUXIND)","Garments & Apparels","Textiles & Apparels",35183866770.00,0.59,2.70,-4.65,50486,55.78,0.17
"Ind-Swift Laboratories Limited (INDSWFTLAB)","Pharmaceuticals","Pharmaceuticals & Biotechnology",35136817509.90,0.77,8.25,24.56,441614,14.40,0.00
"Divgi Torqtransfer Systems Limited (DIVGIITTS)","Auto Components & Equipments","Auto Components",35066384098.20,-0.17,1.45,-3.68,67322,57.70,0.28
"IndoStar Capital Finance Limited (INDOSTAR)","Non Banking Financial Company (NBFC)","Finance",34928068968.00,0.32,-10.39,-16.13,67323,29.63,0.00
"Orient Electric Limited (ORIENTELEC)","Household Appliances","Consumer Durables",34861854237.61,-1.05,-2.37,-10.12,123313,106.47,0.00
"Enviro Infra Engineers Limited (EIEL)","Water Supply & Management","Other Utilities",34860258000.00,-1.38,-0.70,2.00,1033739,18.52,0.00
"Dalmia Bharat Sugar and Industries Limited (DALMIASUG)","Sugar","Agricultural Food & other Products",34722960987.00,7.32,9.86,-8.77,1009477,12.01,1.47
"Vaibhav Global Limited (VAIBHAVGBL)","Gems, Jewellery And Watches","Consumer Durables",34719938587.20,0.55,-1.41,-6.48,182205,38.07,0.72
"Sandhar Technologies Limited (SANDHAR)","Auto Components & Equipments","Auto Components",34705962232.80,-0.29,-4.10,-15.08,88878,35.05,0.68
"PNC Infratech Limited (PNCINFRA)","Civil Construction","Construction",34684095108.00,-0.93,-2.64,-33.45,1445306,9.53,0.43
"VST Industries Limited (VSTIND)","Cigarettes & Tobacco Products","Cigarettes & Tobacco Products",34651668480.00,-1.04,-2.35,-2.79,89396,23.56,14.37
"Nitin Spinners Limited (NITINSPIN)","Other Textile Products","Textiles & Apparels",34462860000.00,1.12,-1.00,-1.71,23745,16.97,0.00
"Hemisphere Properties India Limited (HEMIPROP)","Diversified Commercial Services","Commercial Services & Supplies",34339650000.00,1.29,-0.23,-7.71,231330,0.00,0.00
"Prabha Energy Limited (PRABHA)","Oil Exploration & Production","Oil",34262147556.00,2.26,0.42,13.03,161400,2940.11,0.00
"Polyplex Corporation Limited (POLYPLEX)","Packaging","Industrial Products",33998036346.00,-1.02,0.34,-8.24,25252,43.29,0.09
"Caliber Mining and Logistics Limited (CMLL)","Coal","CMLL",33835237526.75,2.09,8.34,0.06,336329,0.00,0.00
"The Anup Engineering Limited (ANUP)","Industrial Products","Industrial Manufacturing",33833146074.00,0.42,3.09,-4.71,15001,33.93,0.71
"Indo Tech Transformers Limited (INDOTECH)","Heavy Electrical Equipment","Electrical Equipment",33824700000.00,-0.39,-6.18,-14.89,25681,38.68,0.00
"KNR Constructions Limited (KNRCON)","Civil Construction","Construction",33635658160.00,0.20,-4.17,-3.38,800438,13.85,0.00
"Parag Milk Foods Limited (PARAGMILK)","Dairy Products","Food Products",33556592351.10,4.06,-0.50,6.86,2825359,24.17,0.41
"Midwest Limited (MIDWESTLTD)","Granites & Marbles","Consumer Durables",33521076432.00,-1.39,-5.49,-19.32,45309,30.13,0.00
"Indraprastha Medical Corporation Limited (INDRAMEDCO)","Hospital","Healthcare Services",33460645000.00,-1.30,0.58,-2.13,379626,20.88,0.00
"Jubilant Agri and Consumer Products Limited (JUBLCPL)","Specialty Chemicals","Chemicals & Petrochemicals",33377911580.40,2.31,10.13,2.96,4393,25.21,0.00
"Agi Infra Limited (AGIIL)","Residential, Commercial Projects","Realty",33111808081.20,-2.54,-2.05,-6.40,3237412,33.14,0.07
"NACL Industries Limited (NACLIND)","Pesticides & Agrochemicals","Fertilizers & Agrochemicals",32794066200.00,0.24,-4.60,-22.93,386366,263.84,0.00
"National Fertilizers Limited (NFL)","Fertilizers","Fertilizers & Agrochemicals",32785354472.00,-0.07,0.06,-7.69,440381,105.67,0.00
"Jtekt India Limited (JTEKTINDIA)","Auto Components & Equipments","Auto Components",32713415237.70,-0.18,0.14,-6.11,59407,44.49,0.42
"D.B.Corp Limited (DBCORP)","Print Media","Media",32620606257.00,0.78,-0.58,-10.92,40295,13.14,1.10
"Gopal Snacks Limited (GOPAL)","Packaged Foods","Food Products",32413372940.00,-0.61,1.27,-7.39,103108,43.75,0.00
"D. P. Abhushan Limited (DPABHUSHAN)","Gems, Jewellery And Watches","Consumer Durables",32392818480.00,0.86,-2.02,-2.77,19662,38.28,0.00
"Wonderla Holidays Limited (WONDERLA)","Amusement Parks/ Other Recreation","Leisure Services",32370401287.65,0.04,-3.37,-0.72,43470,33.26,0.00
"Advanced Enzyme Technologies Limited (ADVENZYMES)","Biotechnology","Pharmaceuticals & Biotechnology",32261613160.50,-0.55,0.85,-3.17,185804,29.59,1.80
"Vindhya Telelinks Limited (VINDHYATEL)","Civil Construction","Construction",32234347360.00,-1.72,2.26,14.21,41951,32.60,0.21
"Borosil Limited (BOROLTD)","Houseware","Consumer Durables",32096123747.31,2.12,3.54,2.65,1348123,65.48,0.00
"Crizac Limited (CRIZAC)","Internet & Catalogue Retail","Retailing",31950054675.00,-1.78,5.10,3.11,197948,14.83,0.00
"Mayur Uniquoters Ltd (MAYURUNIQ)","Leather And Leather Products","Consumer Durables",31848583170.00,-0.48,-1.41,-1.67,122295,22.73,0.83
"Bhagiradha Chemicals & Industries Limited (BHAGCHEM)","Pesticides & Agrochemicals","Fertilizers & Agrochemicals",31768924600.00,0.31,-0.75,-14.69,65273,204.71,0.00
"Websol Energy System Limited (WEBELSOLAR)","Other Electrical Equipment","Electrical Equipment",31759057830.50,-1.13,0.29,-8.21,1267143,309.59,0.00
"Ashoka Buildcon Limited (ASHOKA)","Civil Construction","Construction",31730145217.51,0.06,-0.35,-0.86,295342,13.89,0.00
"PSP Projects Limited (PSPPROJECT)","Civil Construction","Construction",31673791009.00,0.50,-1.37,-12.11,46119,23.23,0.00
"Bhansali Engineering Polymers Limited (BEPL)","Petrochemicals","Chemicals & Petrochemicals",31428334913.40,-0.52,-2.06,-2.57,872863,19.80,3.83
"NOCIL Limited (NOCIL)","Specialty Chemicals","Chemicals & Petrochemicals",31402357089.30,-1.56,-3.37,14.69,1112045,39.19,0.73
"Oswal Pumps Limited (OSWALPUMPS)","Compressors, Pumps & Diesel Engines","Industrial Products",31351346675.00,-1.89,-1.11,-8.16,310754,9.52,0.00
"Anand Rathi Share and Stock Brokers Limited (ARSSBL)","Stockbroking & Allied","Capital Markets",31284087720.00,-0.11,-1.20,-7.69,115512,24.17,0.98
"Chemplast Sanmar Limited (CHEMPLASTS)","Specialty Chemicals","Chemicals & Petrochemicals",31209248811.86,2.50,15.11,11.01,559516,0.00,0.00
"Shanti Educational Initiatives Limited (SEIL)","Education","SEIL",31169600000.00,-1.41,0.73,-6.44,148612,0.00,0.00
"Sangam (India) Limited (SANGAMIND)","Other Textile Products","Textiles & Apparels",31102620021.00,6.93,6.72,9.73,434786,40.57,0.35
"Apcotex Industries Limited (APCOTEXIND)","Rubber","Industrial Products",31091422512.00,-0.57,-0.85,-2.84,86241,39.05,0.74
"Windsor Machines Limited (WINDMACHIN)","Industrial Products","Industrial Manufacturing",31037825100.00,-0.47,-0.02,-4.53,25613,463.10,0.00
"Muthoot Microfin Limited (MUTHOOTMF)","Microfinance Institutions","Finance",31029576032.00,-1.00,-3.85,-14.17,309028,7.02,0.00
"Carraro India Limited (CARRARO)","Auto Components & Equipments","Auto Components",30688460212.40,-2.74,2.89,1.44,86135,23.54,0.12
"Shankara Buildpro Limited (BUILDPRO)","Trading & Distributors","Commercial Services & Supplies",30675397390.00,0.28,0.89,1.91,51409,0.00,0.39
"Jindal Poly Films Limited (JINDALPOLY)","Packaging","Industrial Products",30646110458.70,-0.81,-2.58,8.24,13867,48.85,0.00
"HeidelbergCement India Limited (HEIDELBERG)","Cement & Cement Products","Cement & Cement Products",30592770660.00,-3.24,-7.48,-16.52,429293,32.46,0.00
"CARYSIL LIMITED (CARYSIL)","Household Appliances","Consumer Durables",30262932784.00,1.57,-5.95,-7.09,88707,36.81,0.28
"HLE Glascoat Limited (HLEGLAS)","Industrial Products","Industrial Manufacturing",30143356726.00,2.88,-2.89,37.43,257150,67.63,0.25
"MM Forgings Limited (MMFL)","Auto Components & Equipments","Auto Components",29813888000.00,0.55,-1.76,-1.98,47442,20.75,0.65
"Ravindra Energy Limited (RELTD)","Other Electrical Equipment","Electrical Equipment",29782299830.97,1.67,1.63,-5.67,99232,49.95,0.00
"India Nippon Electricals Limited (INDNIPPON)","Auto Components & Equipments","Auto Components",29769793984.00,0.17,4.44,22.92,88704,25.88,1.23
"ADF Foods Limited (ADFFOODS)","Packaged Foods","Food Products",29663170650.00,-0.39,3.27,-2.42,51882,34.05,0.45
"Imagicaaworld Entertainment Limited (IMAGICAA)","Amusement Parks/ Other Recreation","Leisure Services",29651139822.80,1.57,-0.80,5.24,859001,66.86,0.00
"Kabra Extrusion Technik Limited (KABRAEXTRU)","Industrial Products","Industrial Manufacturing",29601008390.40,5.00,24.18,38.95,454583,47.89,0.00
"H.G. Infra Engineering Limited (HGINFRA)","Civil Construction","Construction",29587684394.00,-3.19,2.61,-9.71,451893,19.47,0.44
"BLS E-Services Limited (BLSE)","IT Enabled Services","IT - Services",29428415491.50,-0.66,2.34,3.78,242706,38.04,0.00
"ROUTE MOBILE LIMITED (ROUTE)","Other Telecom Services","Telecom - Services",29296433130.00,-0.28,0.13,-8.39,100904,26.59,2.32
"NIIT Learning Systems Limited (NIITMTS)","Education","Other Consumer Services",29256589996.00,-2.52,-2.38,-7.84,147551,28.31,0.00
"Confidence Petroleum India Limited (CONFIPET)","LPG/CNG/PNG/LNG Supplier","Gas",29180730806.69,2.31,-4.48,12.82,1380621,31.21,0.11
"Elpro International Limited (ELPROINTL)","Residential, Commercial Projects","ELPROINTL",29116514534.00,-0.12,-0.42,-1.55,2672,0.00,0.00
"Prince Pipes And Fittings Limited (PRINCEPIPE)","Plastic Products - Industrial","Industrial Products",29077563777.00,0.77,-2.52,-8.39,78264,38.10,0.00
"Monarch Networth Capital Limited (MONARCH)","Stockbroking & Allied","Capital Markets",28868235032.00,-0.78,-0.59,-5.02,27569,16.14,0.00
"Interarch Building Solutions Limited (INTERARCH)","Civil Construction","Construction",28775623455.20,2.45,0.31,1.48,103195,21.01,0.74
"Gujarat Industries Power Company Limited (GIPCL)","Power Generation","Power",28772379539.28,-0.31,-1.58,-2.81,219387,16.50,1.51
"Panama Petrochem Limited (PANAMAPET)","Lubricants","Petroleum Products",28734459050.00,-1.50,1.02,-0.39,73939,12.33,0.00
"Kewal Kiran Clothing Limited (KKCL)","Garments & Apparels","Textiles & Apparels",28705011173.00,-0.31,-4.08,-9.63,67003,25.69,0.42
"Fusion Finance Limited (FUSION)","Microfinance Institutions","Finance",28553152984.00,0.19,-4.74,-11.85,397315,8.86,0.00
"Baazar Style Retail Limited (STYLEBAAZA)","Speciality Retail","STYLEBAAZA",28532589772.05,1.46,-3.08,-4.98,625952,59.93,0.00
"Kernex Microsystems (India) Limited (KERNEX)","Transport Related Services","Transport Services",28515746534.00,-0.43,-2.05,-10.66,93740,14.99,0.00
"Ador Welding Limited (ADOR)","Other Industrial Products","Industrial Products",28377030139.00,1.61,2.42,3.18,39147,26.87,2.69
"Protean eGov Technologies Limited (PROTEAN)","IT Enabled Services","IT - Services",28341519675.00,7.59,41.75,22.28,3560004,31.69,1.57
"Arvind SmartSpaces Limited (ARVSMART)","Residential, Commercial Projects","Realty",28330776043.00,-1.40,12.16,-9.76,96516,66.24,0.35
"Nalwa Sons Investments Limited (NSIL)","Investment Company","Finance",28223215685.00,-0.62,-0.23,-3.35,1308,40.34,0.00
"Mangalam Cement Limited (MANGLMCEM)","Cement & Cement Products","Cement & Cement Products",28184730450.00,-0.28,-0.56,-0.92,27439,39.25,0.00
"Talbros Automotive Components Limited (TALBROAUTO)","Auto Components & Equipments","Auto Components",28148036400.00,-1.86,-4.34,11.38,217822,31.58,0.12
"Xpro India Limited (XPROINDIA)","Packaging","Industrial Products",28140983222.00,-0.82,-1.96,1.05,45394,48.25,0.16
"R Systems International Limited (RSYSTEMS)","IT Enabled Services","IT - Services",28083542046.00,-0.76,-2.13,-2.53,128718,38.65,0.00
"Nilkamal Limited (NILKAMAL)","Plastic Products - Consumer","Consumer Durables",28055839252.50,0.02,-0.39,-6.74,26097,27.17,1.06
"Balmer Lawrie & Company Limited (BALMLAWRIE)","Diversified","Diversified",28013850051.72,-0.05,-2.14,-6.47,89064,22.55,2.54
"Ratnaveer Precision Engineering Limited (RATNAVEER)","Iron & Steel Products","Industrial Products",27981045090.00,3.09,11.41,26.56,6123089,26.51,0.00
"Sundrop Brands Limited (SUNDROP)","Agricultural Food & other Products","Fast Moving Consumer Goods",27971064926.00,-1.38,11.85,12.60,11595,721.02,0.00
"Marathon Nextgen Realty Limited (MARATHON)","Residential, Commercial Projects","Realty",27955766389.50,0.22,1.34,3.01,24860,22.59,0.24
"Maithan Alloys Limited (MAITHANALL)","Ferro & Silica Manganese","Ferrous Metals",27835008532.50,-2.25,-5.25,-3.30,79988,8.43,1.09
"Ramco Industries Limited (RAMCOIND)","Other Construction Materials","Other Construction Materials",27758904654.00,-0.57,-3.75,-8.37,65040,25.92,0.38
"Rishabh Instruments Limited (RISHABH)","Other Electrical Equipment","Electrical Equipment",27679944071.60,1.03,-6.46,3.88,220502,41.81,0.00
"RPSG VENTURES LIMITED (RPSGVENT)","Business Process Outsourcing (BPO)/ Knowledge Process Outsourcing (KPO)","Commercial Services & Supplies",27666855205.80,-0.85,-0.86,-3.39,25180,25.16,0.00
"Ganesha Ecosphere Limited (GANECOS)","Other Textile Products","Textiles & Apparels",27591824724.80,1.44,2.76,-2.08,48026,67.86,0.34
"Dolphin Offshore Enterprises (India) Limited (DOLPHIN)","Offshore Support Solution Drilling","Oil",27563155620.00,0.31,3.53,12.90,35738,236.52,0.00
"Patel Engineering Limited (PATELENG)","Civil Construction","Construction",27373196041.83,-0.25,7.69,-2.65,1659476,20.55,0.00
"Navneet Education Limited (NAVNETEDUL)","Stationary","Printing & Publication",27348585567.03,-0.52,-2.57,-7.36,70780,20.89,1.21
"Alembic Limited (ALEMBICLTD)","Residential, Commercial Projects","Realty",27283069225.00,-0.61,3.53,12.24,743150,36.90,2.26
"Dredging Corporation of India Limited (DREDGECORP)","Dredging","Engineering Services",27249600000.00,-1.17,-1.92,-11.54,91938,70.93,0.29
"Sportking India Limited (SPORTKING)","Other Textile Products","Textiles & Apparels",27242966080.00,1.31,5.17,-6.08,135844,13.82,0.00
"Sundaram Clayton Limited (SUNCLAY)","Auto Components & Equipments","Auto Components",27227010070.00,-1.02,-1.56,-2.63,7772,10.98,0.00
"Kilburn Engineering Limited (KLBRENG-B)","Industrial Products","KLBRENG-B",27150373302.00,0.74,10.19,31.76,87220,0.00,0.58
"Stove Kraft Limited (STOVEKRAFT)","Household Appliances","Consumer Durables",27070201015.65,-0.48,-1.40,2.80,53691,65.18,0.00
"Vintage Coffee And Beverages Limited (VINCOFE)","Tea & Coffee","Commercial Services & Supplies",26895271892.40,0.22,5.40,14.11,911215,34.18,0.00
"Vimta Labs Limited (VIMTALABS)","Healthcare Research, Analytics & Technology","Healthcare Services",26864615259.00,0.30,-0.35,-4.05,151067,27.12,0.33
"Hikal Limited (HIKAL)","Pharmaceuticals","Pharmaceuticals & Biotechnology",26820379140.00,1.60,-3.77,4.39,603533,59.14,0.26
"EFC (I) Limited (EFCIL)","Diversified Commercial Services","Commercial Services & Supplies",26778255322.00,-0.81,1.30,-9.44,62842,10.36,0.00
"Federal-Mogul Goetze (India) Limited. (FMGOETZE)","Auto Components & Equipments","Auto Components",26772962562.50,3.02,7.87,-9.90,222375,19.82,0.00
"STL Networks Limited (STLNETWORK)","Other Telecom Services","Telecom - Services",26655606004.15,5.00,27.15,112.82,8981723,0.00,0.00
"Jaykay Enterprises Limited (JAYKAY)","Aerospace & Defense","Aerospace & Defense",26448274398.00,0.60,21.43,38.17,753223,0.00,0.00
"GNA Axles Limited (GNA)","Auto Components & Equipments","Auto Components",26445372800.00,-0.45,10.29,12.24,623477,19.00,0.50
"Ddev Plastiks Industries Limited (DDEVPLSTIK)","Specialty Chemicals","Chemicals & Petrochemicals",26386549320.00,-0.62,0.02,-7.63,81482,12.49,0.67
"Mufin Green Finance Limited (MUFIN)","Non Banking Financial Company (NBFC)","Finance",26248563422.48,0.91,-0.74,-4.03,422205,155.37,0.00
"Gateway Distriparks Limited (GATEWAY)","Logistics Solution Provider","Transport Services",26226304951.64,0.25,-0.72,-0.83,282280,20.61,6.17
"TechNVision Ventures Limited (TECHNVISN)","Software Products","TECHNVISN",26216950000.00,-1.43,-3.93,-14.47,391,0.00,0.00
"Satin Creditcare Network Limited (SATIN)","Microfinance Institutions","Finance",26214759994.50,4.64,8.20,7.20,421528,5.06,0.00
"Dishman Carbogen Amcis Limited (DCAL)","Pharmaceuticals","Pharmaceuticals & Biotechnology",26159259400.75,0.00,-2.15,-3.02,65506,163.18,0.00
"Globus Spirits Limited (GLOBUSSPR)","Breweries & Distilleries","Beverages",26112873190.00,-0.47,1.25,-9.56,35079,37.34,0.79
"Indo Rama Synthetics (India) Limited (INDORAMA)","Other Textile Products","Textiles & Apparels",25978147392.99,-2.32,9.27,64.36,827174,16.48,0.00
"Prataap Snacks Limited (DIAMONDYD)","Packaged Foods","Food Products",25841958404.50,0.54,-0.75,-7.32,3449,39.86,0.09
"Sasken Technologies Limited (SASKEN)","IT Enabled Services","IT - Services",25764768736.00,-2.63,-1.37,-9.36,33465,33.85,1.40
"Turtlemint Fintech Solutions Limited (TURTLEMINT)","Financial Technology (Fintech)","TURTLEMINT",25690339759.44,-19.99,-34.95,-40.22,17986707,0.00,0.00
"Gandhar Oil Refinery (India) Limited (GANDHAR)","Lubricants","Petroleum Products",25673800719.00,-0.40,-5.03,2.69,300287,16.45,0.00
"K M C Speciality Hospitals (India) Limited (KMCSHIL)","Hospital","Healthcare Services",25636962000.00,-1.07,4.62,12.11,138169,0.00,0.00
"Automotive Axles Limited (AUTOAXLES)","Auto Components & Equipments","Auto Components",25614797625.00,1.56,-0.36,-2.09,26667,17.86,0.00
"Tasty Bite Eatables Limited (TASTYBITE)","Packaged Foods","Food Products",25431626000.00,-0.47,0.10,-1.71,1290,155.57,0.00
"Dr Agarwals Eye Hospital Limited (DRAGARWQ)","Hospital","DRAGARWQ",25324013480.00,0.97,-2.45,-1.66,1157,0.00,0.00
"Orient Cement Limited (ORIENTCEM)","Cement & Cement Products","Cement & Cement Products",25261291385.35,-0.13,-1.28,-6.02,491051,39.99,0.00
"SBC Exports Limited (SBC)","Garments & Apparels","Textiles & Apparels",25238070000.00,10.44,7.64,32.80,23868200,71.94,0.00
"Somany Ceramics Limited (SOMANYCERA)","Ceramics","Consumer Durables",25222875690.00,2.69,7.40,14.03,272762,30.68,0.34
"Sakar Healthcare Limited (SAKAR)","Pharmaceuticals","Pharmaceuticals & Biotechnology",25184673129.00,0.65,-4.06,27.92,99278,59.49,0.00
"GK Energy Limited (GKENERGY)","Civil Construction","Construction",25149340984.00,-0.81,3.53,-1.74,194586,11.16,0.00
"Flair Writing Industries Limited (FLAIR)","Stationary","Household Products",25115718577.40,-2.21,1.31,-5.04,69478,23.74,0.21
"Oriental Hotels Limited (ORIENTHOT)","Hotels & Resorts","Leisure Services",25003885200.00,0.37,-2.41,-1.12,382049,57.03,0.45
"Pennar Industries Limited (PENIND)","Industrial Products","Industrial Manufacturing",24904207257.80,3.44,7.22,16.82,1295945,24.58,0.00
"Ujaas Energy Limited (UEL)","Power Generation","Power",24678595590.00,-2.32,-9.19,13.10,16391,638.88,0.00
"EPack Prefab Technologies Limited (EPACKPEB)","Industrial Products","Industrial Manufacturing",24654596470.00,-0.37,8.28,3.77,524207,26.15,0.00
"Rossari Biotech Limited (ROSSARI)","Specialty Chemicals","Chemicals & Petrochemicals",24650381620.00,-0.52,1.61,-11.59,20447,37.11,0.11
"Shukra Pharmaceuticals Limited (SHUKRAPHAR)","Pharmaceuticals","Pharmaceuticals & Biotechnology",24618408640.00,0.30,0.13,27.04,1803626,0.00,0.02
"Utkarsh Small Finance Bank Limited (UTKARSHBNK)","Other Bank","Banks",24557426853.00,-0.43,-2.61,-6.25,3993057,10.03,0.00
"Bharat Bijlee Limited (BBL)","Heavy Electrical Equipment","Electrical Equipment",24426042320.00,-1.82,-2.12,-7.99,30435,42.50,0.00
"Veedol Corporation Limited (VEEDOL)","Lubricants","Petroleum Products",24393600000.00,2.13,1.62,-4.73,13910,28.90,1.61
"Siyaram Silk Mills Limited (SIYSIL)","Other Textile Products","Textiles & Apparels",24341052212.00,-0.29,1.73,-5.41,9287,11.91,0.74
"Hubtown Limited (HUBTOWN)","Residential, Commercial Projects","Realty",24299212347.00,-0.99,-3.76,-9.35,150592,22.84,0.00
"J.G.Chemicals Limited (JGCHEM)","Commodity Chemicals","Chemicals & Petrochemicals",24293399756.85,3.05,1.23,7.06,245613,29.59,0.00
"Shanti Gold International Limited (SHANTIGOLD)","Gems, Jewellery And Watches","Consumer Durables",24272694677.30,14.83,25.88,19.83,36407266,11.68,0.00
"S. P. Apparels Limited (SPAL)","Garments & Apparels","SPAL",24183605446.00,-1.37,-3.25,1.28,44966,24.66,0.00
"Zaggle Prepaid Ocean Services Limited (ZAGGLE)","IT Enabled Services","IT - Services",24166216319.85,0.35,0.66,-5.09,853946,75.39,0.00
"Mukand Limited (MUKANDLTD)","Iron & Steel Products","Industrial Products",24159658133.60,7.59,24.05,23.75,1109036,24.01,1.91
"Rajratan Global Wire Limited (RAJRATAN)","Auto Components & Equipments","Auto Components",23963912000.00,0.10,4.29,-3.62,25305,40.64,0.41
"Thejo Engineering Limited (THEJO)","Industrial Products","Industrial Manufacturing",23844066652.00,0.75,-0.08,6.98,4584,56.60,0.00
"Asian Energy Services Limited (ASIANENE)","Oil Equipment & Services","Oil",23839832724.90,2.76,-0.48,8.53,226490,55.34,0.26
"Medi Assist Healthcare Services Limited (MEDIASSIST)","Insurance Distributors","Insurance",23829887598.00,-0.14,-1.80,-9.17,491837,46.69,0.00
"Ajmera Realty & Infra India Limited (AJMERA)","Residential, Commercial Projects","Realty",23713875825.00,0.26,4.24,2.61,164978,21.54,0.83
"JNK India Limited (JNKINDIA)","Industrial Products","Industrial Manufacturing",23553800519.25,-0.49,1.70,-7.22,95931,104.09,0.00
"Easy Trip Planners Limited (EASEMYTRIP)","Tour, Travel Related Services","Leisure Services",23549292522.15,2.07,2.60,-3.27,14957504,40.53,0.00
"Pix Transmissions Limited (PIXTRANS)","Rubber","Industrial Products",23530720400.00,-0.63,-0.81,-3.62,5689,22.60,0.51
"Kitex Garments Limited (KITEX)","Garments & Apparels","Textiles & Apparels",23471175000.00,-0.82,-1.55,-7.04,551363,29.25,0.41
"Indoco Remedies Limited (INDOCO)","Pharmaceuticals","Pharmaceuticals & Biotechnology",23458038174.70,1.67,2.06,12.78,100085,44.66,0.08
"Venky's (India) Limited (VENKEYS)","Meat Products including Poultry","Food Products",23379342825.60,-0.68,0.78,5.21,19252,25.28,0.00
"Beta Drugs Limited (BETA)","Pharmaceuticals","Pharmaceuticals & Biotechnology",23354635500.00,0.25,2.18,-8.18,10464,35.88,0.00
"Arkade Developers Limited (ARKADE)","Residential, Commercial Projects","Realty",23311923750.52,0.60,5.65,-0.63,102310,0.00,0.00
"Sirca Paints India Limited (SIRCA)","Paints","Consumer Durables",23273689440.00,-0.10,0.87,-5.90,119005,37.25,0.48
"Eveready Industries India Limited (EVEREADY)","Household Products","Household Products",23270826289.00,-1.24,-3.28,-6.32,48301,74.66,0.00
"GSP Crop Science Limited (GSPCROP)","Pesticides & Agrochemicals","GSPCROP",23129122500.00,1.60,3.13,-21.25,261036,0.00,0.00
"Hindustan Oil Exploration Company Limited (HINDOILEXP)","Oil Exploration & Production","Oil",22898820387.00,0.33,-3.99,9.16,330435,21.66,0.00
"Windlas Biotech Limited (WINDLAS)","Pharmaceuticals","Pharmaceuticals & Biotechnology",22802001233.55,0.80,-0.41,11.50,41768,31.64,0.58
"Panacea Biotec Limited (PANACEABIO)","Pharmaceuticals","Pharmaceuticals & Biotechnology",22797527661.20,-0.57,1.17,-8.30,74313,0.00,0.00
"Geojit Financial Services Limited (GEOJITFSL)","Stockbroking & Allied","Capital Markets",22681463389.94,2.96,-0.89,0.78,547369,14.75,1.83
"Bombay Dyeing & Mfg Company Limited (BOMDYEING)","Other Textile Products","Textiles & Apparels",22652747832.00,0.18,-1.46,-0.53,277583,112.15,0.36
"Apeejay Surrendra Park Hotels Limited (PARKHOTELS)","Hotels & Resorts","Leisure Services",22617670076.00,-0.31,-1.29,-8.45,259036,56.92,0.00
"Pokarna Limited (POKARNA)","Granites & Marbles","Consumer Durables",22597265400.00,-0.01,-2.41,-17.03,50362,28.03,0.08
"Apollo Pipes Limited (APOLLOPIPE)","Plastic Products - Industrial","Industrial Products",22552681472.00,0.19,-5.81,-22.86,177165,56.18,0.13
"Fredun Pharmaceuticals Limited (FREDUN)","Pharmaceuticals","FREDUN",22491775200.00,-0.27,4.33,-6.12,64955,0.00,0.00
"Rane Holdings Limited (RANEHOLDIN)","Holding Company","Finance",22487549175.00,-0.63,-1.46,-1.07,3105,11.80,0.00
"Mold-Tek Packaging Limited (MOLDTKPAC)","Packaging","Industrial Products",22432839841.40,-0.46,2.55,-4.49,25483,39.88,1.18
"The Orissa Minerals Development Company Limited (ORISSAMINE)","Industrial Minerals","Minerals & Mining",22428000000.00,0.48,-2.18,-16.65,4027,258.29,0.00
"Fischer Medical Ventures Limited (FISCHER)","Medical Equipment & Supplies","Healthcare Equipment & Supplies",22410609692.80,0.18,3.29,-7.28,891671,75.17,0.00
"Exicom Tele-Systems Limited (EXICOM)","Heavy Electrical Equipment","Electrical Equipment",22391843131.00,-2.22,-1.64,2.31,739666,74.55,0.00
"GM Breweries Limited (GMBREW)","Breweries & Distilleries","Beverages",22389984540.00,1.19,2.73,10.42,73282,11.69,0.93
"NELCO Limited (NELCO)","Computers Hardware & Equipments","IT - Hardware",22343777280.00,-1.67,-3.23,5.79,127194,93.53,0.10
"Knack Packaging Limited (KNACK)","Packaging","KNACK",22270459848.00,-0.15,-0.33,-7.42,325182,0.00,0.00
"Veranda Learning Solutions Limited (VERANDA)","E-Learning","Other Consumer Services",22266680741.70,0.06,4.21,-6.81,410254,14.19,0.00
"COSMO FIRST LIMITED (COSMOFIRST)","Packaging","Industrial Products",22186269260.40,-0.92,-2.99,-9.18,32823,31.13,0.00
"Sai Parenterals Limited (SAIPARENT)","Pharmaceuticals","SAIPARENT",22182391885.10,-0.48,-1.69,-4.89,29566,0.00,0.00
"Sika Interplant Systems Limited (SIKA)","Aerospace & Defense","SIKA",22154914375.00,0.65,2.30,2.68,20058,0.00,0.00
"MVELECTRO (MVELECTRO)","","",22126292408.00,-0.57,-2.61,43.76,922003,0.00,0.00
"Dynamic Cables Limited (DYCL)","Cables - Electricals","Industrial Products",21917841967.40,-3.43,-1.11,5.62,479136,34.57,0.00
"Kalyani Investment Company Limited (KICL)","Investment Company","Finance",21887644284.00,1.40,0.09,-4.28,855,47.70,0.00
"Euro Pratik Sales Limited (EUROPRATIK)","Furniture Home Furnishing","Consumer Durables",21850360000.00,0.71,-7.75,-18.16,201904,24.60,0.09
"Amir Chand Jagdish Kumar (Exports) Limited (AEROPLANE)","Other Agricultural Products","AEROPLANE",21849378316.00,3.71,4.72,16.97,709126,0.00,0.00
"Sanstar Limited (SANSTAR)","Other Agricultural Products","Agricultural Food & other Products",21777186577.18,-0.90,-6.02,0.75,55139,49.79,0.00
"Repco Home Finance Limited (REPCOHOME)","Housing Finance Company","REPCOHOME",21730689090.70,-1.35,-2.02,-2.07,66626,7.43,0.84
"Ramky Infrastructure Limited (RAMKY)","Civil Construction","Construction",21686587699.40,0.64,-1.86,-15.96,23356,15.34,0.31
"Bluspring Enterprises Limited (BLUSPRING)","Diversified Commercial Services","Commercial Services & Supplies",21677806095.00,3.24,17.56,14.33,758518,0.00,0.00
"Ramco Systems Limited (RAMCOSYS)","Software Products","IT - Software",21659438130.40,-0.20,1.56,3.22,27563,52.61,0.00
"Quadrant Future Tek Limited (QUADFUTURE)","Cables - Electricals","Industrial Products",21652000000.00,9.41,2.48,29.34,1950037,0.00,0.00
"Omaxe Limited (OMAXE)","Residential, Commercial Projects","Realty",21637133882.00,0.73,0.84,18.74,822641,0.00,0.00
"Prakash Industries Limited (PRAKASH)","Iron & Steel","Ferrous Metals",21221197921.50,0.96,-0.01,-7.20,464030,9.52,0.00
"Brigade Hotel Ventures Limited (BRIGHOTEL)","Hotels & Resorts","Leisure Services",21195215127.00,0.04,-0.76,-5.98,71084,28.50,0.00
"Marsons Limited (MARSONS)","Heavy Electrical Equipment","MARSONS",21065040000.00,-1.21,-4.84,-0.81,1463687,0.00,0.00
"Nitco Limited (NITCO)","Ceramics","Consumer Durables",21059156831.70,-2.30,0.62,-8.60,343465,0.00,0.00
"KCP Limited (KCP)","Cement & Cement Products","Cement & Cement Products",20980629578.40,2.58,0.49,-8.09,147091,10.27,0.32
"Advait Energy Transitions Limited (ADVAIT)","Other Electrical Equipment","ADVAIT",20911954053.90,-0.85,-4.69,-7.37,40474,0.00,0.10
"Macpower CNC Machines Limited (MACPOWER)","Industrial Products","Industrial Manufacturing",20848669440.00,0.07,-0.97,9.51,22980,63.21,0.00
"EL CID Investments Limited (ELCIDIN)","Investment Company","Finance",20760000000.00,-0.98,-1.27,-4.77,8,0.00,0.02
"Blue Cloud Softech Solutions Limited (BLUECLOUDS)","Software Products","BLUECLOUDS",20667797024.00,10.47,15.77,0.49,69599422,0.00,0.00
"India Glycols Limited (INDIAGLYCO)","Breweries & Distilleries","Beverages",20644243620.00,1.27,16.80,-73.69,2054007,24.79,0.00
"Jain Irrigation Systems Limited (JISLJALEQS)","Plastic Products - Industrial","Industrial Products",20573621640.89,0.59,-5.36,3.01,1416429,69.69,0.00
"Delta Corp Limited (DELTACORP)","Amusement Parks/ Other Recreation","DELTACORP",20564820249.60,5.72,31.64,24.84,26445158,21.80,0.00
"Shringar House of Mangalsutra Limited (SHRINGARMS)","Gems, Jewellery And Watches","Consumer Durables",20540033040.00,1.81,1.11,-5.88,1114220,16.76,0.00
"BN Agrochem Limited (BNAGROCHEM)","Trading & Distributors","BNAGROCHEM",20434544669.00,0.20,0.97,-9.05,1315,0.00,0.00
"Motisons Jewellers Limited (MOTISONS)","Gems, Jewellery And Watches","Consumer Durables",20327242942.00,-5.00,-2.35,9.70,119558121,61.18,0.00
"Algoquant Fintech Limited (ALGOQUANT)","Stockbroking & Allied","ALGOQUANT",20323242824.40,-1.49,0.04,7.70,1131847,0.00,0.00
"Taj GVK Hotels & Resorts Limited (TAJGVK)","Hotels & Resorts","Leisure Services",20255717959.75,0.36,-3.48,-7.49,28904,26.23,0.61
"Landmark Cars Limited (LANDMARK)","Auto -Dealer","Automobiles",20193411170.00,-0.10,-3.47,-7.84,54874,42.23,0.30
"Bajel Projects Limited (BAJEL)","Heavy Electrical Equipment","Electrical Equipment",20125481843.25,0.60,1.19,-7.47,76580,116.46,0.34
"Sagar Cements Limited (SAGCEM)","Cement & Cement Products","Cement & Cement Products",19996947768.52,0.58,0.79,-6.37,8476,0.00,0.00
"RACL Geartech Limited (RACLGEAR)","Auto Components & Equipments","Auto Components",19969007520.00,0.40,-3.80,12.10,24872,39.93,0.00
"Insolation Energy Limited (INA)","Other Electrical Equipment","INA",19955303725.00,-2.09,-1.29,-3.16,306734,0.00,0.11
"Simplex Infrastructures Limited (SIMPLEXINF)","Civil Construction","Construction",19932027192.00,-0.42,0.24,1.32,40939,25.96,0.00
"Greenpanel Industries Limited (GREENPANEL)","Plywood Boards/ Laminates","Consumer Durables",19884032099.25,-2.40,2.74,3.72,194144,35.72,0.89
"EMS Limited (EMSLIMITED)","Waste Management","Other Utilities",19741201888.50,-1.03,-3.04,-6.71,96500,30.16,0.41
"Cantabil Retail India Limited (CANTABIL)","Garments & Apparels","Textiles & Apparels",19738577440.00,-0.74,-2.73,-3.73,96663,38.36,0.00
"Arman Financial Services Limited (ARMANFIN)","Non Banking Financial Company (NBFC)","Finance",19732187172.00,-0.63,-4.59,-1.93,16327,10.51,0.00
"BF Utilities Limited (BFUTILITIE)","Road Assets, Toll, Annuity, Hybrid-Annuity","Transport Infrastructure",19722770020.80,-0.19,-3.39,0.71,52034,12.50,0.00
"Paramount Communications Limited (PARACABLES)","Cables - Electricals","Industrial Products",19650730353.65,-0.57,-3.18,-2.41,1852499,26.23,0.00
"S H Kelkar and Company Limited (SHK)","Specialty Chemicals","Chemicals & Petrochemicals",19551938141.25,0.99,3.07,-8.12,122196,21.10,0.00
"NIBE Limited (NIBE)","Aerospace & Defense","Aerospace & Defense",19532233980.00,-2.76,-2.10,-9.66,47604,0.00,0.00
"Technocraft Ventures Limited (TECHNOCRAF)","Water Supply & Management","TECHNOCRAF",19446644200.00,3.37,11.39,43.81,1351541,0.00,0.00
"Thirumalai Chemicals Limited (TIRUMALCHM)","Commodity Chemicals","Chemicals & Petrochemicals",19384886059.20,-1.24,1.43,2.21,252816,0.00,0.00
"Brightcom Group Limited (BCG)","IT Enabled Services","IT - Services",19311512324.61,0.95,-6.73,5.28,3523610,5.52,0.00
"Honda India Power Products Limited (HONDAPOWER)","Industrial Products","Industrial Manufacturing",19304292727.20,0.50,-1.40,-8.22,1948,43.83,0.00
"Vidya Wires Limited (VIDYAWIRES)","Aluminium, Copper & Zinc Products","Industrial Products",19257161475.78,5.00,4.22,6.52,1822959,0.00,0.00
"Behari Lal Engineering Limited (BLEL)","Iron & Steel Products","BLEL",19192636083.40,2.11,3.02,0.76,532067,0.00,0.00
"TCI Express Limited (TCIEXP)","Logistics Solution Provider","Transport Services",19145194170.00,1.79,2.61,-6.38,33811,33.38,0.00
"Genesys International Corporation Limited (GENESYS)","IT Enabled Services","IT - Services",19119264581.82,1.06,0.26,33.46,754157,128.40,0.00
"MSP Steel & Power Limited (MSPL)","Iron & Steel Products","Industrial Products",19101046936.50,-3.41,-1.32,0.72,848940,76.11,0.00
"GOCL Corporation Limited (GOCLCORP)","Explosives","Chemicals & Petrochemicals",19025921662.00,1.01,-13.97,-3.01,105705,46.97,7.64
"Hester Biosciences Limited (HESTERBIO)","Pharmaceuticals","Pharmaceuticals & Biotechnology",18953295220.00,-0.83,1.48,-8.00,1571,124.27,0.49
"Saksoft Limited (SAKSOFT)","Computers - Software & Consulting","IT - Software",18912412350.00,-1.40,1.09,-10.60,115426,31.00,0.68
"Syncom Formulations (India) Limited (SYNCOMF)","Pharmaceuticals","Pharmaceuticals & Biotechnology",18875200000.00,0.10,0.20,14.35,7105116,52.58,0.00
"Indian Hume Pipe Company Limited (INDIANHUME)","Civil Construction","Construction",18846903217.50,-1.12,-2.07,-8.18,52732,26.69,0.00
"Camlin Fine Sciences Limited (CAMLINFINE)","Specialty Chemicals","Chemicals & Petrochemicals",18687158512.64,0.05,0.00,-8.61,386533,3101.16,0.00
"Silver Touch Technologies Limited (SILVERTUC)","Computers - Software & Consulting","IT - Software",18514260000.00,0.19,-0.19,-19.62,412116,53.95,0.00
"Huhtamaki India Limited (HUHTAMAKI)","Packaging","Industrial Products",18389590929.00,0.33,-0.61,-8.94,67613,33.54,1.20
"One Point One Solutions Limited (ONEPOINT)","Business Process Outsourcing (BPO)/ Knowledge Process Outsourcing (KPO)","Commercial Services & Supplies",18352986964.80,0.42,17.04,26.36,5644105,64.29,0.00
"Grand Oak Canyons Distillery Limited (GRANDOAK)","Non Banking Financial Company (NBFC)","GRANDOAK",18332155821.50,2.81,3.21,-2.54,2445,0.00,0.00
"Awfis Space Solutions Limited (AWFIS)","Diversified Commercial Services","Commercial Services & Supplies",18320175616.00,-1.98,-7.16,-6.07,667000,260.45,0.00
"IG Petrochemicals Limited (IGPL)","Commodity Chemicals","Chemicals & Petrochemicals",18170501242.50,1.15,7.25,20.90,62045,49.59,0.85
"Bharat Rasayan Limited (BHARATRAS)","Pesticides & Agrochemicals","Fertilizers & Agrochemicals",18135251659.20,-1.54,-6.65,-14.30,36304,48.50,0.04
"DCX Systems Limited (DCXINDIA)","Aerospace & Defense","Aerospace & Defense",18100294387.50,-0.18,-0.37,-6.48,455756,59.05,0.00
"Oriental Aromatics Limited (OAL)","Specialty Chemicals","Chemicals & Petrochemicals",18068604954.40,0.25,4.42,53.69,28203,66.69,0.09
"HPL Electric & Power Limited (HPL)","Industrial Products","Industrial Manufacturing",17984845934.20,1.39,-1.62,-9.85,94501,73.19,0.00
"Teamlease Services Limited (TEAMLEASE)","Diversified Commercial Services","Commercial Services & Supplies",17955645000.00,-1.59,-3.61,-5.00,37668,50.39,0.00
"Suraksha Diagnostic Limited (SURAKSHA)","Healthcare Service Provider","Healthcare Services",17887136335.10,-3.57,2.49,8.05,37699,52.86,0.00
"Rico Auto Industries Limited (RICOAUTO)","Auto Components & Equipments","Auto Components",17872501350.00,1.19,1.17,3.30,946822,41.01,0.43
"Renaissance Global Limited (RGL)","Gems, Jewellery And Watches","Consumer Durables",17866650575.85,0.70,8.44,25.20,471415,11.69,0.00
"Nucleus Software Exports Limited (NUCLEUS)","Software Products","IT - Software",17848557468.00,0.65,-1.20,-8.94,20296,18.61,1.82
"Tarsons Products Limited (TARSONS)","Medical Equipment & Supplies","Healthcare Equipment & Supplies",17818783506.90,-0.80,9.41,-3.07,97118,61.35,0.00
"SMC Global Securities Limited (SMCGLOBAL)","Stockbroking & Allied","Capital Markets",17799000000.00,0.62,5.02,7.76,892402,7.19,0.69
"NGL Fine-Chem Limited (NGLFINE)","Pharmaceuticals","Pharmaceuticals & Biotechnology",17798887144.00,0.39,4.07,2.75,6224,39.53,0.00
"La Opala RG Limited (LAOPALA)","Glass - Consumer","Consumer Durables",17778870000.00,0.36,-1.49,-6.27,40051,27.22,0.00
"Krsnaa Diagnostics Limited (KRSNAA)","Healthcare Service Provider","Healthcare Services",17771526455.20,-0.51,1.24,-3.00,23523,36.99,0.00
"EIH Associated Hotels Limited (EIHAHOTELS)","Hotels & Resorts","Leisure Services",17732461554.00,1.98,-4.12,-3.26,30841,77.88,1.01
"Ndr Auto Components Limited (NDRAUTO)","Auto Components & Equipments","Auto Components",17720051480.00,-1.01,2.62,2.29,10850,38.66,0.52
"Tinna Rubber and Infrastructure Limited (TINNARUBR)","Rubber","Industrial Products",17705885979.60,-0.48,-3.53,-3.90,28833,28.71,0.32
"Virtuoso Optoelectronics Limited (VOEPL)","Diversified consumer products","VOEPL",17664989868.25,2.94,1.78,3.41,65331,0.00,0.00
"Hinduja Global Solutions Limited (HGS)","Business Process Outsourcing (BPO)/ Knowledge Process Outsourcing (KPO)","Commercial Services & Supplies",17584667730.00,0.55,-0.37,-5.81,11018,26.39,0.00
"Hathway Cable & Datacom Limited (HATHWAY)","TV Broadcasting & Software Production","Entertainment",17559436640.00,-0.30,-0.60,-6.06,1071495,56.73,0.00
"Insecticides (India) Limited (INSECTICID)","Pesticides & Agrochemicals","Fertilizers & Agrochemicals",17460157091.85,-0.19,-0.92,3.56,4723,22.30,0.00
"EPACK Durable Limited (EPACK)","Household Appliances","Consumer Durables",17445337134.00,0.11,1.32,-9.36,151259,90.39,0.00
"Shipping Corporation of India Land and Assets Limited (SCILAL)","Investment Company","Finance",17281143271.00,-0.40,0.73,-7.39,203912,56.63,1.44
"Wendt (India) Limited (WENDT)","Abrasives & Bearings","Industrial Products",17280000000.00,1.41,-1.45,5.51,7895,74.79,0.00
"Kross Limited (KROSS)","Auto Components & Equipments","Auto Components",17231111710.42,-1.84,11.67,27.74,812431,30.44,0.00
"Vidhi Specialty Food Ingredients Limited (VIDHIING)","Specialty Chemicals","Chemicals & Petrochemicals",17231025000.00,-1.90,0.13,-0.53,12374,60.88,0.00
"Disa India Limited (DISAQ)","Industrial Products","DISAQ",17230875045.00,-1.96,-1.77,-0.48,55,0.00,0.00
"Jindal Drilling And Industries Limited (JINDRILL)","Offshore Support Solution Drilling","Oil",17161160733.60,0.04,-0.45,-3.86,112911,15.55,0.16
"Taal Tech Limited (TAALTECH)","Airline","TAALTECH",17108717580.00,3.32,1.36,21.96,64240,0.00,0.00
"Media Matrix Worldwide Limited (MMWL)","Film Production, Distribution & Exhibition","MEDIA & ENTERTAINMENT",17093080084.71,4.94,17.07,-4.31,180905,0.00,0.00
"Frontier Springs Limited (FRONTSP)","Auto Components & Equipments","FRONTSP",17082897611.40,-4.74,20.64,13.09,77261,0.00,0.00
"AYM Syntex Limited (AYMSYNTEX)","Other Textile Products","Textiles & Apparels",17048486070.00,3.00,2.42,13.90,65234,60.12,0.00
"Aurum PropTech Limited (AURUM)","IT Enabled Services","IT - Services",16964989040.88,1.01,1.01,-6.12,103745,30.10,0.00
"PTC India Financial Services Limited (PFS)","Non Banking Financial Company (NBFC)","Finance",16937011543.95,-2.08,0.76,-5.75,347305,21.36,0.00
"Indokem Limited (INDOKEM)","Specialty Chemicals","Chemicals & Petrochemicals",16880760751.50,-0.12,-2.37,-3.59,3645,0.00,0.00
"Anlon Healthcare Limited (AHCL)","Pharmaceuticals","Pharmaceuticals & Biotechnology",16748037650.00,9.98,37.60,109.37,80210539,45.02,0.00
"GRM Overseas Limited (GRMOVER)","Other Agricultural Products","Agricultural Food & other Products",16736351700.00,0.95,-1.07,-9.38,997560,22.84,0.00
"PNGS Reva Diamond Jewellery Limited (PNGSREVA)","Gems, Jewellery And Watches","Consumer Durables",16689207600.00,0.19,6.20,-1.94,401441,0.00,0.00
"Creative Newtech Limited (CNL)","Trading & Distributors","Commercial Services & Supplies",16644482570.00,-0.79,-1.66,-6.61,7969,19.36,0.04
"Jai Corp Limited (JAICORPLTD)","Plastic Products - Industrial","Industrial Products",16618567976.55,-0.03,0.29,-6.61,254150,114.01,0.52
"BF Investment Limited (BFINVEST)","Holding Company","Finance",16611423948.00,0.65,-0.95,-1.77,14882,4.25,2.24
"Go Fashion (India) Limited (GOCOLORS)","Speciality Retail","Retailing",16586143554.40,-0.31,3.06,-7.32,25771,70.53,0.00
"Accelya Solutions India Limited (ACCELYA)","Computers - Software & Consulting","IT - Software",16568149710.00,-0.97,-1.16,-2.19,10220,28.11,3.11
"Asian Hotels (North) Limited (ASIANHOTNR)","Hotels & Resorts","Leisure Services",16522507898.95,1.25,3.37,29.46,5905,0.00,0.00
"Kapston Services Limited (KAPSTON)","Diversified Commercial Services","Commercial Services & Supplies",16433378820.00,-7.33,-7.58,5.57,1952645,37.94,0.00
"Astec LifeSciences Limited (ASTEC)","Pesticides & Agrochemicals","Fertilizers & Agrochemicals",16382329264.00,1.40,1.17,23.10,114860,0.00,0.00
"Garuda Construction and Engineering Limited (GARUDA)","Residential, Commercial Projects","Construction",16379998679.10,-0.75,0.30,-3.88,407274,12.19,0.00
"Goodyear India Limited (GOODYEAR)","Tyres & Rubber Products","Auto Components",16348386836.25,0.09,0.55,-6.01,2471,0.00,0.00
"Shree Pushkar Chemicals & Fertilisers Limited (SHREEPUSHK)","Dyes And Pigments","Chemicals & Petrochemicals",16304663802.20,2.82,-1.96,11.03,147225,18.80,0.00
"Studds Accessories Limited (STUDDS)","Auto Components & Equipments","Auto Components",16292307600.00,-0.55,1.69,-8.15,45741,21.71,0.00
"Paushak Limited (PAUSHAKLTD)","Specialty Chemicals","Chemicals & Petrochemicals",16280958993.60,-0.40,-7.82,-12.14,29553,0.00,0.00
"Ardee Industries Limited (ARDEE)","Diversified Metals","ARDEE",16248608972.50,4.11,4.61,-9.55,4119752,0.00,0.00
"Capacit'e Infraprojects Limited (CAPACITE)","Civil Construction","Construction",16218595043.10,-0.74,-2.05,-14.18,162257,24.27,0.00
"Yatra Online Limited (YATRA)","Tour, Travel Related Services","Leisure Services",16170213688.65,-1.29,-1.70,-9.54,799222,90.39,0.00
"PVP Ventures Limited (PVP)","Residential, Commercial Projects","Realty",16129404001.14,-5.00,4.49,20.62,2454711,1397.97,0.00
"Diffusion Engineers Limited (DIFFNKG)","Other Industrial Products","Industrial Products",16093291370.00,0.75,-3.54,9.68,64101,29.17,0.00
"Spandana Sphoorty Financial Limited (SPANDANA)","Microfinance Institutions","Finance",16079309972.00,-0.04,-1.64,-6.93,97580,9.87,0.00
"Servotech Renewable Power System Limited (SERVOTECH)","Other Electrical Equipment","Electrical Equipment",16077930324.12,0.67,-2.21,-12.68,379256,244.54,0.03
"Kothari Industrial Corporation Limited (KOTIC)","Leather And Leather Products","KOTIC",15965618049.40,4.58,2.35,0.76,18933,0.00,0.00
"Shalby Limited (SHALBY)","Hospital","Healthcare Services",15953043029.00,2.33,7.29,-4.52,106923,36.95,0.00
"Allcargo Logistics Limited (ALLCARGO)","Logistics Solution Provider","Transport Services",15951340694.85,-2.56,-4.14,-13.13,8547656,53.24,0.00
"Jagsonpal Pharmaceuticals Limited (JAGSNPHARM)","Pharmaceuticals","Pharmaceuticals & Biotechnology",15946525433.40,-0.69,5.84,0.14,565222,46.31,0.00
"Avadh Sugar & Energy Limited (AVADHSUGAR)","Sugar","Agricultural Food & other Products",15944671530.00,10.00,9.04,-1.20,465223,11.30,0.00
"IKIO Technologies Limited (IKIO)","Consumer Electronics","Consumer Durables",15919824406.00,0.20,-2.02,7.50,149515,38.27,0.00
"Panorama Studios International Limited (PANORAMA)","Film Production, Distribution & Exhibition","PANORAMA",15853592781.25,2.21,14.25,29.14,895953,0.00,0.00
"Suryoday Small Finance Bank Limited (SURYODAY)","Other Bank","Banks",15810611320.00,2.60,1.45,-1.50,210889,8.71,0.00
"Gretex Corporate Services Limited (GCSL)","Other Capital Market related Services","Capital Markets",15800212284.00,3.18,5.73,25.02,444252,38.47,0.11
"One Mobikwik Systems Limited (MOBIKWIK)","Financial Technology (Fintech)","Financial Technology (Fintech)",15787181920.16,-1.56,-5.65,1.74,832129,0.00,0.00
"Xtranet Technologies Limited (XTRANET)","IT Enabled Services","XTRANET",15667410005.00,-4.12,-4.01,83.73,724833,0.00,0.00
"Nitta Gelatin India Limited (NITTAGELA)","Specialty Chemicals","NITTAGELA",15607076040.00,0.02,0.44,10.08,2839,0.00,0.40
"Seshasayee Paper and Boards Limited (SESHAPAPER)","Paper & Paper Products","Paper Forest & Jute Products",15455478388.40,0.63,-1.89,7.88,34098,9.46,0.81
"India Pesticides Limited (IPL)","Pesticides & Agrochemicals","Fertilizers & Agrochemicals",15427303531.68,1.39,-0.53,-4.08,278960,38.48,0.56
"Som Distilleries & Breweries Limited (SDBL)","Breweries & Distilleries","Beverages",15382618074.88,10.59,8.71,1.73,22824335,22.44,0.00
"Rajputana Stainless Limited (RSL)","Iron & Steel Products","RSL",15376449072.00,0.85,1.54,11.98,126146,0.00,0.27
"Dollar Industries Limited (DOLLAR)","Garments & Apparels","Textiles & Apparels",15341710460.00,0.35,-1.01,-1.49,79148,31.10,1.09
"Yuken India Limited (YUKEN)","Compressors, Pumps & Diesel Engines","Industrial Products",15336336000.00,-0.01,-0.90,19.67,11780,73.75,0.13
"Meghna Infracon Infrastructure Limited (MIIL)","Residential, Commercial Projects","MIIL",15315243750.00,0.01,-0.89,-2.36,40352,0.00,0.00
"Arfin India Limited (ARFIN)","Aluminium","Non - Ferrous Metals",15203582853.02,1.00,0.55,6.61,1124364,81.80,0.12
"Krishna Defence And Allied Industries Limited (KRISHNADEF)","Aerospace & Defense","Aerospace & Defense",15171962190.00,-0.86,-1.46,-1.51,60791,99.77,0.00
"Vikran Engineering Limited (VIKRAN)","Civil Construction","Construction",15152272777.50,-2.97,4.33,-2.05,2587537,17.47,0.00
"K.P. Energy Limited (KPEL)","Power Generation","Power",15129145791.85,0.40,2.89,-11.96,284030,8.25,0.00
"Texmaco Infrastructure & Holdings Limited (TEXINFRA)","Diversified Commercial Services","Commercial Services & Supplies",15036337620.00,-0.55,3.93,7.04,138397,444.14,0.00
"Summit Securities Limited (SUMMITSEC)","Investment Company","Finance",15017203327.50,0.08,-2.44,-3.15,1397,26.18,0.00
"Asian Granito India Limited (ASIANTILES)","Ceramics","Consumer Durables",15016473185.25,0.68,0.00,9.23,788714,140.31,0.00
"RIR Power Electronics Limited (RIR)","Other Electrical Equipment","RIR",14959611200.00,2.16,-5.49,15.39,2076996,0.00,0.00
"Hi-Tech Pipes Limited (HITECH)","Iron & Steel Products","Industrial Products",14950760299.74,-1.66,-3.32,-9.30,479980,44.21,0.00
"Meghmani Organics Limited (MOL)","Pesticides & Agrochemicals","Fertilizers & Agrochemicals",14946046180.47,-1.75,-6.79,-5.98,1117006,23.58,0.00
"D-Link (India) Limited (DLINKINDIA)","Computers Hardware & Equipments","IT - Hardware",14926238940.00,0.48,-2.24,-6.32,30140,20.82,6.45
"Mahanagar Telephone Nigam Limited (MTNL)","Telecom - Cellular & Fixed line services","Telecom - Services",14868000000.00,-0.84,-0.84,-11.18,400259,0.00,0.00
"Balmer Lawrie Investments Limited (BLIL)","Holding Company","BLIL",14812237603.70,-0.18,-0.55,-7.19,60302,0.00,0.00
"Gala Precision Engineering Limited (GALAPREC)","Industrial Products","Industrial Manufacturing",14787331560.00,2.82,14.10,7.17,75963,38.56,0.00
"M & B Engineering Limited (MBEL)","Civil Construction","Construction",14781761674.80,-2.37,2.52,-4.94,86275,15.62,0.00
"Hindware Home Innovation Limited (HINDWAREAP)","Sanitary Ware","Consumer Durables",14763582010.50,1.98,2.57,-9.03,111443,82.81,0.00
"Amrutanjan Health Care Limited (AMRUTANJAN)","Pharmaceuticals","Pharmaceuticals & Biotechnology",14672144725.00,-0.75,2.77,-3.00,16785,49.27,0.75
"Manali Petrochemicals Limited (MANALIPETC)","Petrochemicals","Chemicals & Petrochemicals",14669814241.41,1.65,2.86,13.92,1065632,50.95,0.57
"TTK Healthcare Limited (TTKHLTCARE)","Diversified","Diversified",14624894655.00,-1.37,-1.43,-5.34,12141,35.85,0.00
"ANDHRA PAPER LIMITED (ANDHRAPAP)","Paper & Paper Products","Paper Forest & Jute Products",14585661803.25,0.58,-1.70,22.95,441096,9.30,0.00
"Signpost India Limited (SIGNPOST)","Advertising & Media Agencies","Media",14538400000.00,-0.59,0.18,6.08,24226,37.80,0.00
"Chaman Lal Setia Exports Limited (CLSEL)","Other Agricultural Products","Agricultural Food & other Products",14519881040.00,0.79,-0.98,-8.48,21698,11.71,0.00
"Elitecon International Limited (ELITECON)","Cigarettes & Tobacco Products","ELITECON",14514380000.00,-4.92,13.64,-34.01,5040510,0.00,0.00
"GTL Infrastructure Limited (GTLINFRA)","Telecom - Infrastructure","Telecom - Services",14474296441.35,0.90,-1.74,-6.61,26743520,1.32,0.00
"Indo Borax & Chemicals Limited (INDOBORAX)","Commodity Chemicals","Chemicals & Petrochemicals",14472590000.00,-0.55,-4.57,-7.47,37260,15.07,0.00
"Magellanic Cloud Limited (MCLOUD)","Computers - Software & Consulting","IT - Software",14432144440.00,-1.85,-3.16,-15.52,1108651,13.24,0.00
"Ceinsys Tech Limited (CEINSYS)","IT Enabled Services","IT - Services",14423954662.90,-1.16,2.01,-4.64,46454,0.00,0.00
"5Paisa Capital Limited (5PAISA)","Stockbroking & Allied","Capital Markets",14397541124.70,0.16,-4.43,-19.32,27267,25.12,0.00
"InfoBeans Technologies Limited (INFOBEAN)","Computers - Software & Consulting","IT - Software",14389394360.00,-2.46,-2.56,-5.43,171469,37.97,0.33
"DCW Limited (DCW)","Petrochemicals","Chemicals & Petrochemicals",14356340026.88,0.74,7.66,7.18,1396410,135.38,0.00
"IFGL Refractories Limited (IFGLEXPOR)","Electrodes & Refractories","Industrial Products",14343646176.00,1.64,-0.02,-6.04,18417,28.05,1.09
"GPT Infraprojects Limited (GPTINFRA)","Civil Construction","Construction",14342382100.00,0.80,-4.59,-0.73,124954,34.28,0.24
"Walchandnagar Industries Limited (WALCHANNAG)","Industrial Products","Industrial Manufacturing",14323102934.76,1.40,4.06,-4.13,463868,0.00,0.00
"STEEL EXCHANGE INDIA LIMITED (STEELXIND)","Iron & Steel Products","Industrial Products",14273051030.28,-1.22,-4.68,3.61,9072805,77.58,0.00
"Aeroflex Enterprises Limited (AEROENTER)","Iron & Steel Products","Industrial Products",14205502026.00,-0.96,0.03,-10.81,241671,5.60,0.00
"AVT Natural Products Limited (AVTNPL)","Other Agricultural Products","Agricultural Food & other Products",14198960160.00,-0.38,8.80,6.96,196705,25.68,0.83
"Bhagyanagar India Limited (BHAGYANGR)","Copper","Non - Ferrous Metals",14170666403.70,-1.56,-5.29,10.37,91739,33.72,0.00
"Gujarat Kidney And Super Speciality Limited (GKSL)","Hospital","Healthcare Services",13975754495.00,4.20,-2.20,16.27,1830502,0.00,0.00
"SPML Infra Limited (SPMLINFRA)","Civil Construction","Construction",13948340776.80,0.30,-2.28,-12.61,505854,147.04,0.00
"Manaksia Coated Metals & Industries Limited (MANAKCOAT)","Iron & Steel Products","Industrial Products",13835767987.50,-0.95,0.41,4.56,165927,33.20,0.04
"Updater Services Limited (UDS)","Diversified Commercial Services","Commercial Services & Supplies",13802410632.15,2.97,8.60,-7.14,103467,27.45,0.00
"Fermenta Biotech Limited (FERMENTA)","Pharmaceuticals","FERMENTA",13760457971.85,-2.02,-1.39,-0.18,37736,0.00,0.79
"Expleo Solutions Limited (EXPLEOSOL)","IT Enabled Services","IT - Services",13734969015.00,1.34,0.35,1.65,8559,21.29,0.00
"Jagran Prakashan Limited (JAGRAN)","Print Media","Media",13592509286.40,-0.38,0.14,1.30,224626,12.16,15.77
"S.A.L. Steel Limited (SALSTEEL)","Sponge Iron","Ferrous Metals",13554506121.00,4.85,13.82,25.69,741473,104.05,0.00
"IZMO Limited (IZMO)","IT Enabled Services","IT - Services",13495022172.85,-0.06,-3.59,6.22,46289,24.27,0.00
"Bharat Seats Limited (BHARATSE)","Auto Components & Equipments","Auto Components",13483160000.00,-1.59,0.32,-3.41,68904,29.53,0.00
"PNB Gilts Limited (PNBGILTS)","Investment Company","Finance",13482759036.60,-0.82,-5.41,-5.89,191265,36.91,0.00
"Bhartiya International Limited (BIL)","Leather And Leather Products","Consumer Durables",13477463055.00,0.06,-3.44,18.83,4693,46.08,0.00
"Allcargo Global Limited (AGL)","Logistics Solution Provider","AGL",13464114715.20,0.37,-0.72,-2.63,1229115,0.00,0.00
"TGV Sraac Limited (TGVSL)","Commodity Chemicals","TGVSL",13386225000.00,14.15,21.84,17.81,10384184,0.00,0.00
"GPT Healthcare Limited (GPTHEALTH)","Hospital","Healthcare Services",13378218341.92,-0.28,-1.91,8.75,66898,28.99,0.00
"All Time Plastics Limited (ALLTIME)","Houseware","Consumer Durables",13357035934.20,-0.01,-2.16,-0.35,51825,38.12,0.00
"Navkar Corporation Limited (NAVKARCORP)","Logistics Solution Provider","Transport Services",13305895600.40,0.44,-0.57,-8.93,149406,33.06,0.00
"India Motor Parts and Accessories Limited (IMPAL)","Trading - Auto Components","Auto Components",13299936000.00,0.78,0.01,-2.76,1471,20.35,2.55
"GHCL Textiles Limited (GHCLTEXTIL)","Other Textile Products","Textiles & Apparels",13283556680.42,2.79,11.61,10.64,554170,31.05,0.45
"Jay Bharat Maruti Limited (JAYBARMARU)","Auto Components & Equipments","Auto Components",13273615000.00,-0.29,10.32,-0.29,1257855,37.00,0.60
"Punjab Chemicals & Crop Protection Limited (PUNJABCHEM)","Pesticides & Agrochemicals","Fertilizers & Agrochemicals",13267684170.00,2.23,0.59,-0.79,3752,33.13,0.28
"Eimco Elecon (India) Limited (EIMCOELECO)","Industrial Products","Industrial Manufacturing",13267285500.00,-0.12,2.29,2.79,16786,35.62,0.22
"Benares Hotels Limited (BENARAS)","Hotels & Resorts","Leisure Services",13262600000.00,-0.73,-3.65,0.01,51,0.00,0.00
"Igarashi Motors India Limited (IGARASHI)","Auto Components & Equipments","Auto Components",13254142712.80,1.06,-2.60,-1.51,55573,125.91,0.00
"NINtec Systems Limited (NINSYS)","Computers - Software & Consulting","IT - Software",13186173600.00,-0.60,0.33,-0.98,2004,58.92,0.00
"Southern Petrochemicals Industries Corporation  Limited (SPIC)","Fertilizers","Fertilizers & Agrochemicals",13183675352.64,-1.72,-5.76,-8.18,347792,13.19,2.99
"Andrew Yule & Company Limited (ANDREWYU)","Tea & Coffee","Agricultural Food & other Products",13128333759.30,0.56,2.21,0.34,67783,0.00,0.00
"Bharat Parenterals Limited (BPLPHARMA)","Pharmaceuticals","Pharmaceuticals & Biotechnology",13080945774.00,20.00,25.72,28.91,35202,0.00,0.00
"Dynacons Systems & Solutions Limited (DSSL)","IT Enabled Services","IT - Services",13068244080.00,-0.09,1.24,-5.80,13959,29.84,0.00
"Advit Jewels Limited (RAMBHAJO)","Gems, Jewellery And Watches","RAMBHAJO",13067302500.00,3.80,-1.93,33.79,649377,0.00,0.00
"Associated Alcohols & Breweries Ltd. (ASALCBR)","Breweries & Distilleries","Beverages",13004293880.00,-0.93,-1.80,-10.37,81437,26.72,0.30
"The Andhra Sugars Limited (ANDHRSUGAR)","Commodity Chemicals","Chemicals & Petrochemicals",12997843901.00,2.61,1.91,-1.88,564260,33.20,2.52
"Mangalam Worldwide Limited (MWL)","Iron & Steel Products","Industrial Products",12848511572.40,-1.80,1.74,7.67,269047,25.03,0.67
"Gujarat Natural Resources Limited (GNRL)","Oil Exploration & Production","GNRL",12814582673.60,2.11,1.39,0.26,77761,0.00,0.00
"Ugro Capital Limited (UGROCAP)","Non Banking Financial Company (NBFC)","Finance",12749171318.30,-0.26,-1.96,-6.79,90627,18.77,0.00
"Capital Small Finance Bank Limited (CAPITALSFB)","Other Bank","CAPITALSFB",12741618096.25,0.78,0.48,-2.71,15817,11.29,1.76
"Gyftr Limited (GYFTR)","Other Financial Services","GYFTR",12696403725.00,-1.99,-3.36,2.84,47001,0.00,0.00
"3B Blackbio Dx Limited (3BBLACKBIO)","Healthcare Service Provider","3BBLACKBIO",12642272910.00,3.57,11.65,16.68,8013,0.00,0.00
"Den Networks Limited (DEN)","TV Broadcasting & Software Production","Entertainment",12613026223.35,-0.53,-0.71,-6.01,271603,11.51,0.00
"Iris Clothings Limited (IRISDOREME)","Garments & Apparels","Textiles & Apparels",12609459887.50,0.46,2.59,16.45,666872,46.43,0.00
"Pashupati Cotspin Limited (PASHUPATI)","Other Textile Products","Textiles & Apparels",12538809600.00,0.95,-1.02,-7.99,268925,79.15,0.00
"Ultramarine & Pigments Limited (ULTRAMAR)","Dyes And Pigments","ULTRAMAR",12526800000.00,-0.87,1.08,4.57,28763,0.00,1.37
"Fedders Holding Limited (FEDDERSHOL)","Non Banking Financial Company (NBFC)","FEDDERSHOL",12497860938.50,-3.71,17.30,53.10,5634189,0.00,0.00
"Onida Electronics Limited (ONIDA)","Consumer Electronics","Consumer Durables",12485461903.20,1.20,2.77,-10.06,303378,0.00,0.00
"Onix Solar Energy Limited (ONIXSOLAR)","Copper","Non - Ferrous Metals",12455828799.10,4.99,-5.47,22.30,16312,0.00,0.00
"Atul Auto Limited (ATULAUTO)","Commercial Vehicles","Agricultural Commercial & Construction Vehicles",12445061516.00,0.16,0.45,-7.72,35098,107.08,0.66
"Century Enka Limited (CENTENKA)","Other Textile Products","Textiles & Apparels",12378358668.50,0.60,0.90,2.63,19070,30.51,1.89
"Everest Kanto Cylinder Limited (EKC)","Industrial Products","Industrial Manufacturing",12358554095.48,-1.09,8.97,-0.96,363550,18.12,0.00
"TCC Concept Limited (TCC)","Internet & Catalogue Retail","Retailing",12343037441.70,-1.70,4.19,7.20,393062,0.00,0.00
"Ivalue Infosolutions Limited (IVALUE)","Computers Hardware & Equipments","IT - Hardware",12303147402.00,-3.93,1.20,-20.01,86508,12.37,0.00
"Shriram Properties Limited (SHRIRAMPPS)","Residential, Commercial Projects","Realty",12167658149.60,0.49,0.11,-8.54,168887,4.81,0.00
"Rhetan TMT Limited (RHETAN)","Iron & Steel Products","Industrial Products",12088593750.00,-4.95,-22.48,-30.57,803125,100.16,0.00
"B. L. Kashyap and Sons Limited (BLKASHYAP)","Civil Construction","Construction",12083584000.00,2.67,1.63,2.19,555621,48.92,0.00
"NIIT Limited (NIITLTD)","Education","Other Consumer Services",12063669096.64,-1.56,-3.83,-14.24,116579,34.35,0.00
"Godavari Biorefineries Limited (GODAVARIB)","Diversified FMCG","GODAVARIB",12057060181.20,-0.89,-2.24,-2.32,50525,5420.84,0.00
"Subex Limited (SUBEXLTD)","Software Products","IT - Software",12026862809.00,3.38,6.41,20.09,14283273,38.87,0.00
"HMA Agro Industries Limited (HMAAGRO)","Meat Products including Poultry","Food Products",12018474480.00,3.27,0.97,13.53,1255633,26.05,0.00
"Ice Make Refrigeration Limited (ICEMAKE)","Industrial Products","Industrial Manufacturing",12013517896.00,-1.98,-3.44,-8.83,64841,46.01,0.32
"Alicon Castalloy Limited (ALICON)","Auto Components & Equipments","Auto Components",11956846032.00,-1.05,-0.11,4.41,24544,30.32,0.27
"Tamilnadu PetroProducts Limited (TNPETRO)","Petrochemicals","Chemicals & Petrochemicals",11952710320.90,4.69,5.66,16.32,7029643,15.27,1.16
"Lincoln Pharmaceuticals Limited (LINCOLN)","Pharmaceuticals","Pharmaceuticals & Biotechnology",11827554384.00,-0.61,-2.37,-4.48,24670,13.91,0.30
"Dolat Algotech Limited (DOLATALGO)","Stockbroking & Allied","Capital Markets",11818400000.00,1.17,-0.25,-9.85,60079,7.39,0.00
"Sai Silks (Kalamandir) Limited (KALAMANDIR)","Speciality Retail","Retailing",11813791607.36,-1.63,-1.57,-11.36,438726,23.31,0.00
"Roto Pumps Limited (ROTO)","Compressors, Pumps & Diesel Engines","Industrial Products",11796698316.00,-1.52,-0.13,-4.28,388024,48.34,0.30
"MMP Industries Limited (MMP)","Aluminium","Non - Ferrous Metals",11786812432.00,1.39,-0.61,19.07,37919,32.50,0.43
"Alldigi Tech Limited (ALLDIGI)","Business Process Outsourcing (BPO)/ Knowledge Process Outsourcing (KPO)","Commercial Services & Supplies",11764749588.30,0.69,-0.55,-5.25,2008,23.35,3.84
"Gandhi Special Tubes Limited (GANDHITUBE)","Iron & Steel Products","Industrial Products",11763136000.00,-1.29,7.65,7.70,7495,18.48,0.00
"Excel Industries Limited (EXCELINDUS)","Specialty Chemicals","Chemicals & Petrochemicals",11728455636.00,-2.22,-2.63,-11.75,8422,43.21,1.43
"Digitide Solutions Limited (DIGITIDE)","IT Enabled Services","IT - Services",11710616655.00,-1.49,-5.93,-21.43,269246,0.00,0.00
"Solarworld Energy Solutions Limited (SOLARWORLD)","Civil Construction","Construction",11620202721.78,0.64,0.38,-9.88,80994,9.91,0.00
"Platinum Industries Limited (PLATIND)","Specialty Chemicals","Chemicals & Petrochemicals",11589148203.00,-1.26,-1.42,-0.82,57233,37.80,0.00
"Dhanlaxmi Bank Limited (DHANBANK)","Private Sector Bank","Banks",11588358265.36,-1.25,-0.37,-11.35,239224,17.81,0.00
"SKM Egg Products Export (India) Limited (SKMEGGPROD)","Meat Products including Poultry","Food Products",11585200000.00,-1.25,-4.24,-15.18,130288,10.67,0.00
"N R Agarwal Industries Limited (NRAIL)","Paper & Paper Products","Paper Forest & Jute Products",11573838955.00,6.19,8.77,33.43,24892,8.58,0.00
"Bajaj Healthcare Limited (BAJAJHCARE)","Pharmaceuticals","Pharmaceuticals & Biotechnology",11560616287.40,-1.71,3.89,7.28,89487,36.77,0.00
"AK Capital Services Limited (AKCAPIT)","Non Banking Financial Company (NBFC)","AKCAPIT",11550000000.00,1.43,0.21,-0.16,204,0.00,3.42
"Arisinfra Solutions Limited (ARIS)","Other Construction Materials","Other Construction Materials",11495307116.84,-1.15,5.41,-2.58,513723,15.44,0.00
"Precision Camshafts Limited (PRECAM)","Auto Components & Equipments","Auto Components",11446742975.85,0.56,3.52,-7.59,77805,52.63,0.82
"Balaji Telefilms Limited (BALAJITELE)","Media & Entertainment","Entertainment",11407616391.78,0.03,-1.75,-1.59,81715,105.99,0.00
"Sunrakshakk Industries India Limited (SUNRAKSHAK)","Other Textile Products","Textiles & Apparels",11384128262.50,-0.42,-0.37,-1.53,3384,0.00,0.00
"Stel Holdings Limited (STEL)","Investment Company","Finance",11368529480.00,-1.05,-5.84,0.42,1662,69.72,0.00
"Sula Vineyards Limited (SULA)","Breweries & Distilleries","Beverages",11367441495.69,-0.48,0.09,-8.30,286393,43.28,1.45
"Commercial Syn Bags Limited (COMSYN)","Packaging","Industrial Products",11341366080.00,-3.30,-8.29,-2.27,2054003,35.49,0.00
"Bharat Wire Ropes Limited (BHARATWIRE)","Iron & Steel Products","Industrial Products",11290726987.75,-0.22,-5.14,-13.26,106706,18.28,0.00
"Sigachi Industries Limited (SIGACHI)","Pharmaceuticals","SIGACHI",11238061264.10,-2.87,-0.64,-13.24,2558006,33.77,0.32
"Dhampur Sugar Mills Limited (DHAMPURSUG)","Sugar","Agricultural Food & other Products",11237562447.75,6.09,11.86,-2.77,2148612,14.58,1.19
"Asian Star Company Limited (ASTAR)","Gems, Jewellery And Watches","ASTAR",11236773600.00,2.86,-13.05,17.00,555,0.00,0.21
"Uttam Sugar Mills Limited (UTTAMSUGAR)","Sugar","Agricultural Food & other Products",11166841536.00,12.75,12.51,-9.39,2805051,9.34,0.94
"Electrotherm (India) Limited (ELECTHERM)","Iron & Steel Products","Industrial Products",11086248180.00,-1.62,-6.00,-17.06,23940,3.14,0.00
"IRM Energy Limited (IRMENERGY)","LPG/CNG/PNG/LNG Supplier","Gas",11057371016.10,0.24,-0.33,-2.95,28275,28.34,0.55
"Laxmi Dental Limited (LAXMIDENTL)","Medical Equipment & Supplies","Healthcare Equipment & Supplies",11033398710.00,1.03,1.29,3.83,64495,35.09,0.00
"Matrimony.Com Limited (MATRIMONY)","Internet & Catalogue Retail","Retailing",11029255165.50,-0.58,-0.38,2.74,2598,27.41,0.00
"Saraswati Commercial India Limited (ZSARACOM)","Non Banking Financial Company (NBFC)","ZSARACOM",11016268256.00,3.61,-3.35,-11.04,47,0.00,0.00
"Munjal Auto Industries Limited (MUNJALAU)","Auto Components & Equipments","Auto Components",10955000000.00,3.49,5.35,-2.78,477592,16.06,0.93
"Tembo Global Industries Limited (TEMBO)","Iron & Steel Products","Industrial Products",10953214444.00,-1.65,2.87,2.66,3971032,19.69,0.00
"Manoj Vaibhav Gems N Jewellers Limited (MVGJL)","Gems, Jewellery And Watches","Consumer Durables",10885652226.85,4.46,3.91,47.39,903282,18.10,0.00
"Monte Carlo Fashions Limited (MONTECARLO)","Garments & Apparels","Textiles & Apparels",10882260393.60,1.47,-5.09,-3.71,28282,23.47,3.79
"Orient Technologies Limited (ORIENTTECH)","IT Enabled Services","IT - Services",10810196176.00,0.89,-0.15,-3.85,143504,0.00,0.00
"Apex Frozen Foods Limited (APEX)","Seafood","Food Products",10796875000.00,-0.37,0.04,-11.21,126426,58.25,0.00
"Jindal Photo Limited (JINDALPHOT)","Investment Company","Finance",10784578123.80,-0.45,-6.60,0.01,532,56.14,0.00
"Jyoti Structures Limited (JYOTISTRUC)","Heavy Electrical Equipment","Electrical Equipment",10778749231.11,-0.55,-2.80,-14.00,6479450,75.18,0.00
"Faze Three Limited (FAZE3Q)","Other Textile Products","Textiles & Apparels",10773853920.00,2.86,-1.12,-10.44,5839,29.36,0.00
"Fino Payments Bank Limited (FINOPB)","Other Bank","Banks",10764300298.70,-0.80,-4.52,-11.12,171278,32.11,0.00
"BirlaNu Limited (BIRLANU)","Other Construction Materials","Other Construction Materials",10745781075.00,1.23,3.25,-6.81,10226,1103.93,1.07
"Rupa & Company Limited (RUPA)","Garments & Apparels","Textiles & Apparels",10743768056.00,0.05,-1.50,-10.29,115990,30.77,2.13
"Themis Medicare Limited (THEMISMED)","Pharmaceuticals","Pharmaceuticals & Biotechnology",10729663980.00,-0.99,-6.03,-2.30,56963,70.82,0.41
"Antony Waste Handling Cell Limited (AWHCL)","Waste Management","Other Utilities",10728433800.00,-0.71,3.59,-0.41,59816,22.15,0.00
"Hariom Pipe Industries Limited (HARIOMPIPE)","Iron & Steel Products","Industrial Products",10714681994.00,-1.75,-4.66,-0.85,78696,38.51,0.21
"GRP Limited (GRPLTD)","Rubber","Industrial Products",10709330656.00,0.56,-0.01,2.04,456,73.99,0.17
"Vardhman Holdings Limited (VHL)","Investment Company","Finance",10672124416.00,-0.30,-0.74,-2.73,70,40.57,0.15
"Gulshan Polyols Limited (GULPOLY)","Other Agricultural Products","Agricultural Food & other Products",10664746500.14,0.57,0.59,-12.87,80764,63.14,0.17
"Unitech Limited (UNITECH)","Residential, Commercial Projects","Realty",10648345261.29,0.99,-5.57,1.50,2798979,0.00,0.00
"Suraj Estate Developers Limited (SURAJEST)","Residential, Commercial Projects","Realty",10615246813.60,1.06,15.58,13.02,75687,22.06,0.00
"One Global Service Provider Limited (ONEGLOBAL)","Healthcare Service Provider","Healthcare Services",10610873478.85,1.48,0.78,-0.60,10827,0.00,0.00
"Arihant Superstructures Limited (ARIHANTSUP)","Residential, Commercial Projects","Realty",10596247795.00,-0.16,7.83,-2.00,19545,22.46,0.00
"Orient Green Power Company Limited (GREENPOWER)","Power Generation","Power",10522094070.93,-0.44,-0.88,-4.78,1845566,84.88,0.00
"Reliance Industrial Infrastructure Limited (RIIL)","Logistics Solution Provider","Transport Services",10467320000.00,-1.27,-1.42,-9.21,47746,173.17,0.97
"Centrum Capital Limited (CENTRUM)","Other Financial Services","Finance",10447354503.24,0.85,-2.19,-7.74,403133,0.00,0.00
"Nelcast Limited (NELCAST)","Castings & Forgings","Industrial Products",10439273988.00,8.72,10.75,4.42,702669,31.89,0.65
"Tamil Nadu Newsprint & Papers Limited (TNPL)","Paper & Paper Products","Paper Forest & Jute Products",10430037420.00,1.79,1.59,6.80,369264,7.92,0.00
"Master Trust Limited (MASTERTR)","Stockbroking & Allied","Capital Markets",10392391680.00,-0.40,-5.86,1.99,362110,7.84,0.00
"Industrial & Prudential Investment Company Limited (INDPRUD)","Investment Company","Finance",10390208000.00,0.00,-0.44,0.00,63,0.00,1.93
"Automobile Corporation of Goa Limited (ACGL)","Auto Components & Equipments","Auto Components",10375011888.00,1.24,-1.91,-5.04,457,0.00,0.00
"Jyoti Resins & Adhesives Limited (JYOTIRES)","Specialty Chemicals","Chemicals & Petrochemicals",10356000000.00,1.23,2.62,-0.19,6446,0.00,0.00
"Krishival Foods Limited (KRISHIVAL)","Other Food Products","Food Products",10315167614.00,0.51,-1.86,1.29,11444,107.02,0.00
"Prime Securities Limited (PRIMESECU)","Other Financial Services","Finance",10296222241.25,0.73,2.09,8.93,39045,37.43,0.00
"Dhunseri Ventures Limited (DVL)","Packaging","Diversified",10293775200.60,-1.38,1.34,4.63,17348,28.15,0.00
"Borosil Scientific Limited (BOROSCI)","Glass - Industrial","Industrial Products",10256110832.50,-0.19,-3.56,-8.11,61474,23.87,0.00
"Sree Rayalaseema Hi-Strength Hypo Limited (SRHHYPOLTD)","Commodity Chemicals","Chemicals & Petrochemicals",10245681654.90,-1.81,14.11,26.49,23038,11.24,0.00
"Abans Financial Services Limited (AFSL)","Holding Company","Finance",10218791559.00,-1.21,0.00,0.00,4255,31.35,0.00
"Dharmaj Crop Guard Limited (DHARMAJ)","Pesticides & Agrochemicals","Fertilizers & Agrochemicals",10206783392.00,-1.80,9.36,11.34,23574,30.16,0.00
"Arihant Capital Markets Limited (ARIHANTCAP)","Stockbroking & Allied","Capital Markets",10204951680.00,1.51,15.95,19.07,452181,10.50,0.53
"Saint Gobain Sekurit India Limited (SEKURITIND)","Auto Components & Equipments","Auto Components",10199283115.00,0.37,-1.31,-4.37,10797,0.00,0.00
"Crest Ventures Limited (CREST)","Non Banking Financial Company (NBFC)","Finance",10186441938.75,-0.34,-2.11,-0.18,4329,19.64,0.27
"Butterfly Gandhimathi Appliances Limited (BUTTERFLY)","Household Appliances","Consumer Durables",10111780068.05,-0.28,-3.46,-10.61,11663,21.13,0.00
"Mamata Machinery Limited (MAMATA)","Industrial Products","Industrial Manufacturing",10091658780.00,2.01,1.57,-0.07,52767,111.16,0.00
"Jindal Poly Investment and Finance Company Limited (JPOLYINVST)","Investment Company","Finance",10041520177.25,-0.80,-2.60,0.17,2807,1.25,0.00
"Bcl Industries Limited (BCLIND)","Breweries & Distilleries","Beverages",10020795393.00,0.72,2.69,-9.97,786893,17.26,0.00
"Shree Digvijay Cement Co.Ltd (SHREDIGCEM)","Cement & Cement Products","Cement & Cement Products",10013796620.60,0.49,-1.18,-9.58,42025,17.69,1.45
"Wonder Electricals Limited (WEL)","Household Appliances","Consumer Durables",10003697200.00,0.59,2.34,-44.30,439933,199.35,0.26
"Excelsoft Technologies Limited (EXCELSOFT)","IT Enabled Services","IT - Services",9989305435.20,6.04,11.17,23.52,4192133,0.00,0.00
"Synergy Green Industries Limited (SGIL)","Castings & Forgings","SGIL",9984046050.00,-0.63,9.00,11.63,4595,41.06,0.15
"Premier Polyfilm Limited (PREMIERPOL)","Plastic Products - Industrial","Industrial Products",9919112382.50,-5.08,16.30,4.87,784231,22.51,0.00
"Sunshield Chemicals Limited (SUNSHIEL)","Specialty Chemicals","Chemicals & Petrochemicals",9894190500.00,-1.51,-8.78,-4.55,3669,0.00,0.00
"Jaro Institute of Technology Management and Research Limited (JARO)","E-Learning","Other Consumer Services",9888051828.00,-3.22,-4.60,-5.24,196929,18.02,0.00
"SEPC Limited (SEPC)","Civil Construction","Construction",9832313646.08,0.00,-2.10,-11.27,6035158,129.99,0.00
"Dam Capital Advisors Limited (DAMCAPITAL)","Stockbroking & Allied","Capital Markets",9804148200.00,0.71,0.57,-7.15,177289,13.36,0.71
"Nahar Spinning Mills Limited (NAHARSPING)","Other Textile Products","NAHARSPING",9746648135.75,-0.24,0.39,-8.81,8044,12.89,0.00
"Madras Fertilizers Limited (MADRASFERT)","Fertilizers","Fertilizers & Agrochemicals",9677355091.00,-0.91,-1.97,-13.95,29816,31.66,0.00
"Western Carriers (India) Limited (WCIL)","Logistics Solution Provider","Transport Services",9624572107.20,-1.05,-2.54,8.27,179760,26.59,0.00
"Indosolar Limited (WAAREEINDO)","Heavy Electrical Equipment","Electrical Equipment",9604212067.35,-4.98,-13.85,-15.95,196353,6.07,0.00
"Finkurve Financial Services Limited (FINKURVE)","Non Banking Financial Company (NBFC)","Finance",9560622861.36,-1.24,-6.68,-14.55,39834,33.47,0.00
"Salzer Electronics Limited (SALZERELEC)","Other Electrical Equipment","Electrical Equipment",9547793843.15,0.48,-1.91,-4.34,21706,31.67,0.46
"SRM Contractors Limited (SRM)","Civil Construction","Construction",9519548580.00,-0.66,-2.11,-10.19,21282,39.39,0.00
"Control Print Limited (CONTROLPR)","Computers Hardware & Equipments","IT - Hardware",9452579292.00,1.22,-1.65,-2.35,23882,25.25,0.00
"Unicommerce Esolutions Limited (UNIECOM)","IT Enabled Services","IT - Software",9366804069.55,1.23,0.17,-2.16,514134,42.97,0.00
"Zuari Agro Chemicals Limited (ZUARI)","Fertilizers","Fertilizers & Agrochemicals",9294819326.00,1.23,0.10,-4.75,67478,5.86,0.00
"GKW Limited (GKWLIMITED)","Investment Company","Finance",9280890750.00,-0.35,-1.99,-2.54,1360,158.11,0.00
"Regaal Resources Limited (REGAAL)","Other Agricultural Products","Agricultural Food & other Products",9269447400.00,-0.70,7.10,-5.39,231775,15.60,0.00
"Sudarshan Colorants India Limited (SUDARCOLOR)","Dyes And Pigments","Chemicals & Petrochemicals",9185401514.10,3.23,4.83,0.91,4706,37.46,15.36
"Laxmi Goldorna House Limited (LGHL)","Gems, Jewellery And Watches","LGHL",9166938480.00,0.83,1.04,4.67,27844,81.01,0.00
"Health X Platform Limited (HEALTHX)","Healthcare Service Provider","Healthcare Services",9161424000.00,-0.69,-4.00,-2.92,9343,8.74,0.00
"Likhitha Infrastructure Limited (LIKHITHA)","Civil Construction","Construction",9141354000.00,1.25,4.96,9.93,35441,23.22,0.00
"Bombay Super Hybrid Seeds Limited (BSHSL)","Other Agricultural Products","Agricultural Food & other Products",9119049632.00,-0.30,-1.10,-1.92,1808,91.12,0.00
"Anuh Pharma Limited (ANUHPHR)","Pharmaceuticals","Pharmaceuticals & Biotechnology",9065260800.00,-0.40,-3.24,17.06,79711,20.60,0.00
"Ester Industries Limited (ESTER)","Packaging","Industrial Products",9051766695.18,-0.86,-1.00,-9.46,24329,0.00,0.28
"Pudumjee Paper Products Limited (PDMJEPAPER)","Paper & Paper Products","Paper Forest & Jute Products",9015502500.00,-1.03,-6.54,7.82,157250,9.19,0.00
"Amines & Plasticizers Limited (AMNPLST)","Commodity Chemicals","Chemicals & Petrochemicals",8982565200.00,-0.57,-4.81,-13.03,1067,55.75,0.30
"Mac Charles India Limited (MCCHRLS-B)","Hotels & Resorts","MCCHRLS-B",8934508264.00,0.46,4.12,1.31,145,0.00,0.00
"Wealth First Portfolio Managers Limited (WEALTH)","Other Financial Services","Finance",8929955500.00,-0.51,-0.41,-2.66,51360,26.76,0.00
"Swelect Energy Systems Limited (SWELECTES)","Heavy Electrical Equipment","Electrical Equipment",8926235826.00,4.51,5.76,-2.18,72324,63.84,0.00
"Arihant Foundations & Housing Limited (ARIHANT)","Residential, Commercial Projects","CONSTRUCTION",8919233480.00,0.52,-4.42,-7.91,592,0.00,0.00
"Taneja Aerospace & Aviation Limited (TANAA)","Aerospace & Defense","TANAA",8874186528.00,4.01,30.66,16.50,117489,0.00,0.00
"Ambika Cotton Mills Limited (AMBIKCO)","Other Textile Products","Textiles & Apparels",8858865000.00,-0.67,-3.41,-5.05,2720,15.73,0.00
"Vadilal Enterprises Limited (VADILENT)","Dairy Products","VADILENT",8842347000.00,-0.37,-2.75,5.13,10,0.00,0.00
"Hexa Tradex Limited (HEXATRADEX)","Investment Company","Finance",8837495298.88,0.24,1.06,-1.50,986,51.39,0.00
"Krystal Integrated Services Limited (KRYSTAL)","Diversified Commercial Services","Commercial Services & Supplies",8804425552.80,-0.93,-2.51,1.47,6661,14.61,0.23
"Shree Ganesh Remedies Limited (SGRL)","Pharmaceuticals","Pharmaceuticals & Biotechnology",8727746960.00,-0.50,-2.54,34.10,41244,0.00,0.00
"Prozone Realty Limited (PROZONER)","Real Estate related services","Realty",8693786244.51,4.78,7.15,27.36,1125326,204.43,0.00
"ZUARI INDUSTRIES LIMITED (ZUARIIND)","Sugar","Agricultural Food & other Products",8691638550.40,2.60,11.20,3.66,227243,7.92,0.36
"Himatsingka Seide Limited (HIMATSEIDE)","Other Textile Products","Textiles & Apparels",8688792169.90,-0.98,6.87,-4.57,1332162,13.88,0.37
"Capital India Finance Limited (CIFL)","Non Banking Financial Company (NBFC)","Finance",8614970289.00,1.29,10.26,5.56,84467,31.64,0.00
"Royal Orchid Hotels Limited (ROHLTD)","Hotels & Resorts","Leisure Services",8496331607.00,1.51,1.61,2.01,24782,20.25,0.81
"Mafatlal Industries Limited (MAFATIND)","Other Textile Products","MAFATIND",8493694561.00,-2.41,-1.56,-2.66,88400,0.00,1.03
"Sumeet Industries Limited (SUMEETINDS)","Other Textile Products","Textiles & Apparels",8462053745.46,5.00,27.41,-5.95,1917462,29.26,0.00
"Kirloskar Electric Company Limited (KECL)","Other Electrical Equipment","Electrical Equipment",8451190534.75,2.79,3.64,-1.38,93028,99.71,0.00
"Dwarikesh Sugar Industries Limited (DWARKESH)","Sugar","Agricultural Food & other Products",8368214385.20,10.48,9.74,-16.28,9515248,38.98,0.00
"Prostarm Info Systems Limited (PROSTARM)","Other Electrical Equipment","Electrical Equipment",8360192064.00,1.37,9.63,5.51,798903,22.96,0.00
"Gem Aromatics Limited (GEMAROMA)","Specialty Chemicals","Chemicals & Petrochemicals",8357942080.00,2.42,7.31,-7.41,50483,0.00,0.00
"Stanley Lifestyles Limited (STANLEY)","Furniture Home Furnishing","Consumer Durables",8311783966.50,6.73,5.86,7.71,375595,132.04,0.00
"Amal Limited (AMAL)","Specialty Chemicals","Chemicals & Petrochemicals",8286692338.60,-1.93,-7.21,-11.16,13368,0.00,0.21
"Salasar Techno Engineering Limited (SALASAR)","Industrial Products","Industrial Manufacturing",8285284374.60,-4.28,-3.07,-19.80,9245213,56.57,0.00
"Max India Limited (MAXIND)","Holding Company","Finance",8279139666.00,-0.52,-3.73,-2.43,16908,0.00,0.00
"Scoda Tubes Limited (SCODATUBES)","Iron & Steel Products","Industrial Products",8207519300.00,2.11,6.61,5.49,618113,21.66,0.00
"Beekay Steel Industries Limited (BEEKAY)","Iron & Steel Products","Industrial Products",8202889565.20,0.88,0.01,-0.98,1342,0.00,0.00
"Eco Recycling Limited (ECORECO)","Waste Management","Other Utilities",8181822000.00,-0.11,-1.87,-5.83,10333,0.00,0.00
"Oriental Rail Infrastructure Limited (ORIRAIL)","Railway Wagons","ORIRAIL",8146327320.00,-3.24,3.75,-7.84,74506,0.00,0.08
"NCL Industries Limited (NCLIND)","Cement & Cement Products","Cement & Cement Products",8131046330.40,1.81,2.92,3.23,50784,13.44,0.00
"Ritco Logistics Limited (RITCO)","Logistics Solution Provider","Transport Services",8128862988.00,-0.14,-2.56,-10.20,32924,23.19,0.00
"U P Hotels Limited (UPHOT)","Hotels & Resorts","Leisure Services",8100000000.00,0.00,0.00,12.70,8,0.00,0.00
"Dhampur Bio Organics Limited (DBOL)","Sugar","Agricultural Food & other Products",8079369703.00,7.99,4.67,-5.62,352645,25.53,1.30
"Oricon Enterprises Limited (ORICONENT)","Packaging","Industrial Products",8064400165.25,-0.71,-2.65,-7.99,12725,25.77,0.37
"Vascon Engineers Limited (VASCONEQ)","Residential, Commercial Projects","Realty",8058425520.58,4.42,14.60,12.19,6719189,32.12,0.00
"IFB Agro Industries Limited (IFBAGRO)","Breweries & Distilleries","Beverages",8055715460.00,0.10,-3.15,-10.35,1248,201.52,0.00
"Sarla Performance Fibers Limited (SARLAPOLY)","Other Textile Products","Textiles & Apparels",7950300000.00,0.30,2.59,-1.19,42794,19.84,2.00
"Advance Agrolife Limited (ADVANCE)","Pesticides & Agrochemicals","Fertilizers & Agrochemicals",7907143560.00,3.75,11.33,3.20,383107,15.60,0.00
"New Delhi Television Limited (NDTV)","TV Broadcasting & Software Production","Entertainment",7875165246.60,0.21,-2.68,-6.65,27919,0.00,0.00
"Kothari Petrochemicals Limited (KOTHARIPET)","Petrochemicals","Chemicals & Petrochemicals",7874825248.00,-0.37,-1.94,-0.17,20022,15.67,0.73
"Wanbury Limited (WANBURY)","Pharmaceuticals","Pharmaceuticals & Biotechnology",7865810453.60,-0.44,0.99,-14.90,119977,20.88,0.00
"Visaka Industries Limited (VISAKAIND)","Cement & Cement Products","Cement & Cement Products",7862833160.00,-4.02,-6.53,-0.36,349833,1164.63,1.25
"Supreme Infrastructure India Limited (SUPREMEINF)","Civil Construction","Construction",7853847318.00,1.12,0.84,-6.18,17086,0.13,0.00
"Sejal Glass Limited (SEJALLTD)","Glass - Industrial","Industrial Products",7848900000.00,-0.05,-3.63,0.65,152803,105.11,0.00
"Deccan Cements Limited (DECCANCE)","Cement & Cement Products","Cement & Cement Products",7832994000.00,-0.43,-1.45,-0.86,13335,24.16,0.09
"The Sandesh Limited (SANDESH)","Print Media","Media",7796503630.00,1.98,0.41,0.78,566,6.69,0.49
"Precot Limited (PRECOT)","Other Textile Products","Textiles & Apparels",7789800000.00,0.99,-1.59,-7.75,1851,58.80,0.62
"Magadh Sugar & Energy Limited (MAGADSUGAR)","Sugar","Agricultural Food & other Products",7739123196.00,9.63,8.81,-5.69,287247,9.10,0.00
"Borana Weaves Limited (BORANA)","Other Textile Products","Textiles & Apparels",7713812902.50,-1.03,-2.56,-5.68,24916,11.26,0.00
"Kokuyo Camlin Limited (KOKUYOCMLN)","Stationary","Household Products",7700323186.62,-0.80,-1.31,-2.96,9366,41.10,0.00
"I S T Limited (ISTLTD)","Auto Components & Equipments","ISTLTD",7698313920.00,0.31,-0.58,-1.71,268,0.00,0.00
"20 Microns Limited (20MICRONS)","Industrial Minerals","Minerals & Mining",7676578510.10,1.73,4.45,3.28,101345,18.47,0.57
"Solex Energy Limited (SOLEX)","Other Electrical Equipment","Electrical Equipment",7669767190.00,-3.60,2.14,-10.01,81974,158.10,0.00
"OM INFRA LIMITED (OMINFRAL)","Civil Construction","Construction",7632076863.25,0.74,1.17,-5.37,35345,41.15,0.64
"DMCC SPECIALITY CHEMICALS LIMITED (DMCC)","Specialty Chemicals","Chemicals & Petrochemicals",7631619498.00,3.49,9.03,8.47,122619,65.10,0.00
"Suyog Telematics Limited (SUYOG)","Telecom - Infrastructure","Telecom - Services",7586835200.00,-1.48,-0.29,-12.76,12753,12.84,0.15
"Heranba Industries Limited (HERANBA)","Pesticides & Agrochemicals","Fertilizers & Agrochemicals",7580951457.82,8.90,13.44,8.72,3333268,33.85,0.00
"VLS Finance Limited (VLSFINANCE)","Investment Company","Finance",7524603387.40,0.07,0.67,-2.10,7005,3.76,0.62
"Mangal Electrical Industries Limited (MEIL)","Other Electrical Equipment","Electrical Equipment",7515393728.00,-0.70,0.06,-1.52,28972,16.04,0.00
"Eldeco Housing And Industries Limited (ELDEHSG)","Residential, Commercial Projects","Realty",7512412000.00,0.72,-2.26,-5.65,348,27.75,0.00
"Aryaman Financial Services Limited (ARYAMAN)","Non Banking Financial Company (NBFC)","Finance",7470670000.00,-0.81,-3.06,-2.41,20,0.00,0.00
"Mercury Ev-Tech Limited (MERCURYEV)","2/3 Wheelers","MERCURYEV",7467840909.98,2.01,-1.50,5.11,236021,0.00,0.00
"Zim Laboratories Limited (ZIMLAB)","Pharmaceuticals","ZIMLAB",7466578605.20,0.48,2.69,11.50,179885,29.09,0.00
"Emkay Global Financial Services Limited (EMKAY)","Stockbroking & Allied","Capital Markets",7432336559.95,-0.81,9.06,12.33,48704,10.55,0.00
"GIC Housing Finance Limited (GICHSGFIN)","Housing Finance Company","Finance",7414214766.88,-0.46,-1.20,-1.97,36885,8.23,3.23
"Denta Water and Infra Solutions Limited (DENTA)","Water Supply & Management","Other Utilities",7371870000.00,2.44,-1.16,-3.04,137637,13.47,0.00
"Permanent Magnets Limited (PERMAGN)","Other Electrical Equipment","PERMAGN",7282889691.00,0.56,-0.14,-0.82,2236,0.00,0.00
"Yogi Limited (YOGI)","Residential, Commercial Projects","YOGI",7249950000.00,-1.77,-1.75,-1.70,7353,0.00,0.00
"DCM Shriram International Limited (DCMSIL)","Other Textile Products","DCMSIL",7242099401.25,-1.43,18.49,7.01,261587,0.00,0.00
"The Ugar Sugar Works Limited (UGARSUGAR)","Other Agricultural Products","Agricultural Food & other Products",7233750000.00,14.81,13.22,15.52,13699429,40.33,0.87
"Axtel Industries Limited (AXTEL)","Industrial Products","Industrial Manufacturing",7223618820.00,0.86,1.61,7.38,2653,0.00,0.00
"Bajaj Steel Industries Limited (BAJAJST)","Industrial Products","BAJAJST",7199920000.00,0.07,-1.72,-3.00,6987,0.00,0.29
"Viviana Power Tech Limited (VIVIANA)","Civil Construction","Construction",7193670400.00,1.88,-1.15,-2.09,19704,75.59,0.14
"Kellton Tech Solutions Limited (KELLTONTEC)","IT Enabled Services","IT - Services",7163334951.60,-0.15,-0.96,-1.10,1120196,21.57,0.00
"JITF Infralogistics Limited (JITFINFRA)","Water Supply & Management","JITFINFRA",7161052491.60,0.31,-2.16,-12.54,15129,36.65,0.00
"Lotus Chocolate Company Limited (LOTUSCHO)","Packaged Foods","Food Products",7126782195.00,-1.69,-3.50,-11.26,3140,0.00,0.00
"TVS Electronics Limited (TVSELECT)","Computers Hardware & Equipments","IT - Hardware",7104838642.10,0.42,-5.51,-13.42,17581,0.00,0.38
"Modis Navnirman Limited (MODIS)","Residential, Commercial Projects","Realty",7092014400.00,-0.03,2.72,-4.25,19718,0.00,0.00
"Jayant Agro Organics Limited (JAYAGROGN)","Specialty Chemicals","Chemicals & Petrochemicals",7050000000.00,1.70,3.35,2.33,13619,16.17,1.48
"Rajapalayam Mills Limited (RAJPALAYAM)","Other Textile Products","Textiles & Apparels",7025792400.00,-0.80,-3.62,-6.69,1259,0.00,0.06
"Popular Vehicles and Services Limited (PVSL)","Auto -Dealer","Automobiles",7013022503.00,0.05,-0.27,-8.78,12411,21.66,0.00
"Transindia Real Estate Limited (TREL)","Logistics Solution Provider","Transport Services",7002322434.00,1.87,-3.91,7.34,116098,38.31,0.00
"Kamat Hotels (I) Limited (KAMATHOTEL)","Hotels & Resorts","Leisure Services",6987071864.72,0.61,3.36,4.32,39082,73.80,0.00
"Manba Finance Limited (MANBA)","Non Banking Financial Company (NBFC)","Finance",6984785172.30,-0.71,3.94,8.95,86634,14.43,0.00
"Enkei Wheels (India) Limited (ENKEIWHEL)","Auto Components & Equipments","Auto Components",6977854239.00,0.64,-1.75,-6.77,110,0.00,0.00
"Cheviot Company Limited (CHEVIOT)","Jute & Jute Products","Paper Forest & Jute Products",6963515000.00,1.39,1.47,3.17,3044,10.45,0.00
"Indef Manufacturing Limited (BAJAJINDEF)","Industrial Products","Industrial Manufacturing",6944000000.00,-0.13,0.96,-3.95,10132,30.09,0.00
"Kuantum Papers Limited (KUANTUM)","Paper & Paper Products","Paper Forest & Jute Products",6937458585.00,-0.72,0.93,10.23,97440,8.30,0.00
"Shiv Aum Steels Limited (SHIVAUM)","Trading & Distributors","Commercial Services & Supplies",6936204000.00,-0.59,8.90,15.90,23793,55.27,0.00
"Automotive Stampings and Assemblies Limited (ASAL)","Auto Components & Equipments","Auto Components",6920843191.25,-0.72,-2.99,-10.92,17737,67.60,0.00
"Global Education Limited (GLOBAL)","Education","Other Consumer Services",6897153250.00,-3.97,4.10,26.98,227619,11.13,0.00
"Tuticorin Alkali Chemicals & Fertilizers Limited (TUTIALKA)","Commodity Chemicals","Chemicals & Petrochemicals",6867885737.10,-0.04,-0.34,3.28,3365,0.00,0.00
"Patel Retail Limited (PATELRMART)","Diversified Retail","Retailing",6863808504.00,-0.36,-0.13,-11.63,13767,16.61,0.00
"Advent Hotels International Limited (ADVENTHTL)","Hotels & Resorts","Leisure Services",6862074655.27,-0.07,-1.50,-10.31,168717,17.29,0.00
"ZF Steering Gear (India) Limited (ZFSTEERING)","Auto Components & Equipments","ZFSTEERING",6849434170.00,0.64,8.18,12.28,2158,0.00,0.00
"Xchanging Solutions Limited (XCHANGING)","Computers - Software & Consulting","IT - Software",6822363567.84,1.77,-1.48,0.61,64422,40.52,3.24
"Aditya Birla Money Limited (BIRLAMONEY)","Stockbroking & Allied","Capital Markets",6778278659.95,0.18,-0.45,-5.77,18043,15.89,0.00
"Praveg Limited (PRAVEG)","Hotels & Resorts","PRAVEG",6753448553.25,-0.02,4.40,-1.32,12486,0.00,0.00
"BEML Land Assets Limited (BLAL)","Investment Company","Finance",6725586750.00,-0.53,-0.91,-3.29,41047,0.00,0.00
"Satia Industries Limited (SATIA)","Paper & Paper Products","Paper Forest & Jute Products",6720000000.00,-0.99,-1.84,16.18,76122,6.73,0.00
"Softtech Engineers Limited (SOFTTECH)","Computers - Software & Consulting","SOFTTECH",6644226240.00,-1.32,-8.69,14.22,5218,138.25,0.00
"Indo Farm Equipment Limited (INDOFARM)","Construction Vehicles","Agricultural Commercial & Construction Vehicles",6637367508.00,-0.73,0.99,-0.35,89452,26.84,0.00
"The State Trading Corporation of India Limited (STCINDIA)","Trading & Distributors","Commercial Services & Supplies",6573000000.00,-0.46,-1.78,-9.91,6167,17.53,0.00
"Allied Digital Services Limited (ADSL)","IT Enabled Services","IT - Services",6544277658.56,20.00,19.97,6.46,2244060,24.47,1.53
"Ganesh Consumer Products Limited (GANESHCP)","Packaged Foods","Food Products",6484257185.70,-1.22,-5.17,-3.48,96333,14.42,0.00
"Onward Technologies Limited (ONWARDTEC)","IT Enabled Services","IT - Services",6474572490.00,0.14,1.32,2.28,7246,30.71,2.72
"Fabtech Technologies Limited (FABTECH)","Medical Equipment & Supplies","Healthcare Equipment & Supplies",6472035606.40,-0.44,-1.58,-1.37,55026,13.37,0.40
"Best Agrolife Limited (BESTAGRO)","Pesticides & Agrochemicals","Fertilizers & Agrochemicals",6455014020.00,0.27,-1.67,2.88,765101,29.68,0.54
"GFL Limited (GFLLIMITED)","Holding Company","Finance",6415240000.00,4.30,3.49,7.41,59780,295.60,0.00
"Allcargo Terminals Limited (ATL)","Port & Port services","Transport Infrastructure",6389729213.40,1.67,4.58,-6.66,186397,28.84,0.00
"Voith Paper Fabrics India Limited (VOITHPAPR)","Other Textile Products","Textiles & Apparels",6369210550.00,2.35,-0.51,-0.28,393,0.00,0.00
"GTPL Hathway Limited (GTPL)","TV Broadcasting & Software Production","Entertainment",6354161647.00,2.72,-0.81,3.05,46020,19.59,3.57
"Hardwyn India Limited (HARDWYN)","Furniture Home Furnishing","Consumer Durables",6352460139.26,0.22,1.42,2.88,1356392,96.66,0.00
"Sharat Industries Limited (SHINDL)","Seafood","SHINDL",6348035327.88,-1.00,0.15,-1.12,334150,0.00,0.00
"Laxmi India Finance Limited (LAXMIINDIA)","Non Banking Financial Company (NBFC)","Finance",6344801745.80,1.16,-4.63,-3.86,280318,11.18,0.00
"Uniphos Enterprises Limited (UNIENTER)","Trading - Chemicals","Chemicals & Petrochemicals",6335626843.90,-0.44,0.43,-4.72,2133,29.65,0.00
"TV Today Network Limited (TVTODAY)","TV Broadcasting & Software Production","Entertainment",6325469876.15,-1.31,-3.00,-5.61,11374,15.35,0.00
"Innovana Thinklabs Limited (INNOVANA)","Computers - Software & Consulting","IT - Software",6280640000.00,0.72,0.25,-2.03,42530,26.67,0.00
"Kanpur Plastipack Limited (KANPRPLA)","Packaging","Industrial Products",6217655332.00,-1.92,3.21,-8.37,19717,14.24,0.47
"Empire Industries Limited (EMPIND)","Diversified","Diversified",6215997928.00,-1.35,-2.00,-14.21,1360,0.00,0.00
"Saurashtra Cement Limited (SAURASHCEM)","Cement & Cement Products","Cement & Cement Products",6154186584.00,5.61,3.35,-2.88,427455,121.50,0.00
"Primo Chemicals Limited (PRIMO)","Commodity Chemicals","Chemicals & Petrochemicals",6124013169.40,13.41,18.36,21.49,1374230,33.81,0.00
"DIC India Limited (DICIND)","Printing Inks","Chemicals & Petrochemicals",6104019705.00,1.35,5.14,11.84,4187,137.89,0.00
"Shree Rama Multi-Tech Limited (SHREERAMA)","Packaging","Industrial Products",6072794227.50,2.67,2.18,3.17,54527,22.98,0.00
"Gloster Limited (GLOSTERLTD)","Jute & Jute Products","Paper Forest & Jute Products",6040679520.00,-3.37,-5.83,-7.23,3632,48.91,3.46
"Innovision Limited (INNOVISION)","Road Assets, Toll, Annuity, Hybrid-Annuity","INNOVISION",6031907370.20,-0.22,0.08,-1.61,9787,0.00,0.00
"Orient Bell Limited (ORIENTBELL)","Ceramics","Consumer Durables",6028519541.20,4.22,3.93,8.62,29237,1330.36,0.26
"Shraddha Prime Projects Limited (SHRADDHA)","Residential, Commercial Projects","Realty",6019344990.00,-2.34,1.26,-0.46,3654,0.00,0.00
"Maan Aluminium Limited (MAANALU)","Aluminium","Non - Ferrous Metals",6000885794.56,-2.38,-4.51,-15.45,103573,20.68,0.00
"Pyramid Technoplast Limited (PYRAMID)","Packaging","Industrial Products",5994083160.00,0.48,5.48,0.19,29578,21.40,0.31
"Dhunseri Investments Limited (DHUNINV)","Non Banking Financial Company (NBFC)","Finance",5993525974.00,-0.85,-1.89,2.42,166,13.82,0.30
"Consolidated Construction Consortium Limited (CCCL)","Residential, Commercial Projects","Realty",5986576643.40,0.08,-2.62,-10.90,122449,0.00,0.00
"Mallcom (India) Limited (MALLCOM)","Other Industrial Products","Industrial Products",5959200000.00,-0.42,-1.43,-6.08,2494,22.62,0.31
"Agarwal Industrial Corporation Limited (AGARIND)","Petrochemicals","Chemicals & Petrochemicals",5938242233.00,-0.54,-3.79,-15.85,35549,15.67,0.81
"Mawana Sugars Limited (MAWANASUG)","Sugar","Agricultural Food & other Products",5887088032.00,14.49,17.39,4.75,2561542,8.44,0.00
"Ksolves India Limited (KSOLVES)","Computers - Software & Consulting","IT - Software",5883845220.00,-0.26,-1.41,-9.52,44119,31.85,1.93
"Panchmahal Steel Limited (PANCHMAHQ)","Iron & Steel Products","Industrial Products",5876125332.00,-4.89,3.91,6.23,526,0.00,0.00
"Snowman Logistics Limited (SNOWMAN)","Logistics Solution Provider","Transport Services",5839725425.25,1.51,-0.85,-6.48,141817,116.51,0.00
"Shri Jagdamba Polymers Limited (SHRJAGP)","Packaging","Industrial Products",5838520700.00,0.85,4.55,-4.65,182,0.00,0.00
"KSE Limited (KSE)","Animal Feed","CONSUMER NON DURABLES",5776000000.00,-0.19,1.19,2.59,6455,0.00,0.00
"Om Power Transmission Limited (OMPOWER)","Civil Construction","OMPOWER",5740146900.00,1.69,-2.76,-0.05,82345,0.00,0.00
"Hindustan Composites Limited (HINDCOMPOS)","Auto Components & Equipments","Auto Components",5728895100.00,1.45,2.44,-6.18,2085,24.06,0.00
"Sayaji Hotels Limited (SAYAJIHOTL)","Hotels & Resorts","HOTELS/ RESORTS AND OTHER RECREATIONAL ACTIVITIES",5728378479.00,0.00,2.51,2.11,0,0.00,0.00
"ORIENT CERATECH LIMITED (ORIENTCER)","Electrodes & Refractories","Industrial Products",5723539328.00,2.07,2.84,9.85,31332,37.23,0.73
"Vakrangee Limited (VAKRANGEE)","IT Enabled Services","IT - Services",5719252740.96,-0.57,-0.38,-10.81,1296324,582.61,0.00
"Nahar Industrial Enterprises Limited (NAHARINDUS)","Other Textile Products","Textiles & Apparels",5705296971.05,3.26,0.58,-5.16,10061,58.77,0.00
"Triton Valves Limited (TRITONV)","Auto Components & Equipments","Auto Components",5705003890.40,-0.04,2.72,-2.20,1322,0.00,0.22
"N. B. I. Industrial Finance Company Limited (NBIFIN)","Non Banking Financial Company (NBFC)","Finance",5673902970.00,0.14,-2.57,-3.54,59,74.37,0.03
"Bigbloc Construction Limited (BIGBLOC)","Cement & Cement Products","Cement & Cement Products",5629051820.00,-1.36,-1.58,-9.08,38486,59.33,0.00
"Hazoor Multi Projects Limited (HAZOOR)","Civil Construction","HAZOOR",5608733130.00,4.48,1.04,-4.97,1533958,0.00,0.00
"Nahar Poly Films Limited (NAHARPOLY)","Packaging","Industrial Products",5563278843.66,0.53,-0.33,-7.54,1599,2446.60,0.66
"South West Pinnacle Exploration Limited (SOUTHWEST)","Diversified Commercial Services","Commercial Services & Supplies",5557629349.41,-1.09,-5.00,-8.89,88796,40.71,0.00
"Linc Limited (LINC)","Stationary","Household Products",5554503242.68,1.07,1.70,-2.85,5802,23.37,1.60
"Concord Enviro Systems Limited (CEWATER)","Waste Management","Other Utilities",5463805512.00,-1.60,-5.46,-0.55,28701,0.00,0.00
"Uday Jewellery Industries Limited (UDAYJEW)","Gems, Jewellery And Watches","UDAYJEW",5451873292.50,0.36,5.19,14.82,85689,0.00,0.00
"Kiran Vyapar Limited (KIRANVYPAR)","Non Banking Financial Company (NBFC)","KIRANVYPAR",5429557989.00,-1.11,-4.02,-1.73,3929,0.00,0.00
"Lakshmi Mills Company Limited (LAKSHMIMIL)","Other Textile Products","TEXTILES - COTTON",5391949420.00,-0.66,1.23,-3.40,87,0.00,0.00
"CSM Technologies Limited (CSM)","Computers - Software & Consulting","CSM",5303288817.44,0.77,-6.45,5.34,586845,0.00,0.00
"Plastiblends India Limited (PLASTIBLEN)","Specialty Chemicals","Chemicals & Petrochemicals",5272169112.00,7.00,8.70,7.26,208830,20.71,0.00
"Virat Industries Limited (VIRAT)","Garments & Apparels","VIRAT",5271972057.00,0.87,-7.13,-19.12,7899,0.00,0.00
"TPL Plastech Limited (TPLPLASTEH)","Packaging","Industrial Products",5187199500.00,1.21,1.78,-15.52,98266,40.98,1.94
"Munjal Showa Limited (MUNJALSHOW)","Auto Components & Equipments","Auto Components",5183352000.00,0.23,3.02,-1.71,23637,21.00,0.00
"International Conveyors Limited (INTLCONV)","Industrial Products","Industrial Manufacturing",5166261000.00,1.41,5.74,7.40,56540,7.99,0.00
"Oswal Greentech Limited (OSWALGREEN)","Investment Company","Finance",5141319363.18,0.45,2.98,-4.58,54062,642.94,0.00
"S Chand And Company Limited (SCHAND)","Printing & Publication","Printing & Publication",5128576716.80,5.87,8.61,7.02,66326,16.90,2.90
"KN Agri Resources Limited (KNAGRI)","Edible Oil","Agricultural Food & other Products",5124776550.00,-4.15,4.56,-5.97,5907,30.29,0.00
"PTL Enterprises Limited (PTL)","Diversified Commercial Services","Commercial Services & Supplies",5063420250.00,0.13,-0.21,-0.75,16942,22.39,2.62
"Pansari Developers Limited (PANSARI)","Residential, Commercial Projects","Realty",5058699660.00,1.06,1.75,-11.83,212,41.39,0.00
"Mindteck (India) Limited (MINDTECK)","Computers - Software & Consulting","IT - Software",5042376073.80,0.76,-0.33,-6.82,10484,36.25,0.63
"VISA Chrome Limited (VISACHROME)","Ferro & Silica Manganese","Ferrous Metals",5034111435.00,-4.95,14.76,-8.96,20791,0.51,0.00
"Sukhjit Starch & Chemicals Limited (SUKHJITS)","Other Agricultural Products","Agricultural Food & other Products",5020910800.00,-0.79,-0.77,0.58,22795,14.10,0.62
"Chemfab Alkalis Limited (CHEMFAB)","Commodity Chemicals","Chemicals & Petrochemicals",5003485666.20,-1.55,-5.77,-4.59,10927,68.00,0.00
"Dc Infotech And Communication Limited (DCI)","Computers - Software & Consulting","IT - Software",4969200000.00,-0.13,8.62,-18.14,114505,48.78,0.04
"Albert David Limited (ALBERTDAVD)","Pharmaceuticals","Pharmaceuticals & Biotechnology",4965230940.00,0.31,4.37,0.24,4383,9.84,0.00
"Zee Media Corporation Limited (ZEEMEDIA)","TV Broadcasting & Software Production","Entertainment",4941932247.20,1.62,3.01,-17.32,969637,0.00,0.00
"CSL Finance Limited (CSLFINANCE)","Non Banking Financial Company (NBFC)","Finance",4903959170.25,1.63,-1.37,-6.20,15271,14.24,0.00
"The Investment Trust Of India Limited (THEINVEST)","Other Financial Services","Finance",4884647289.50,1.33,-0.82,-1.89,4243,35.31,0.00
"Aqylon Nexus Limited (AQYLON)","TV Broadcasting & Software Production","Entertainment",4871626752.00,-2.26,6.79,-23.81,1354842,40.66,0.00
"Singer India Limited (SINGERIND)","Household Appliances","SINGERIND",4828203479.20,-0.45,1.73,-1.05,41542,0.00,0.00
"IRIS RegTech Solutions Limited (IRIS)","Software Products","IT - Software",4815026622.70,1.88,-1.68,-1.77,26122,46.69,0.00
"Khaitan Chemicals & Fertilizers Limited (KHAICHEM)","Fertilizers","Fertilizers & Agrochemicals",4809694428.00,0.36,-0.70,-12.62,75324,8.86,0.00
"Sigma Solve Limited (SIGMA)","IT Enabled Services","IT - Services",4779036570.00,2.43,-1.13,-4.40,73296,20.44,0.00
"SIL Investments Limited (SILINV)","Investment Company","Finance",4768137000.00,0.30,0.69,-5.25,1923,19.67,0.00
"B&B Triplewall Containers Limited (BBTCL)","Packaging","Industrial Products",4754505432.00,-0.07,0.55,-1.68,6783,28.71,0.00
"Rushil Decor Limited (RUSHIL)","Plywood Boards/ Laminates","Consumer Durables",4741615811.20,-3.19,-6.37,-3.69,674897,24.38,0.30
"Credo Brands Marketing Limited (MUFTI)","Speciality Retail","Retailing",4724723941.75,-0.55,-1.87,-5.36,31152,16.89,4.10
"Entertainment Network (India) Limited (ENIL)","Media & Entertainment","Entertainment",4724614830.65,-0.59,-2.74,-3.00,9298,33.37,2.00
"Urja Global Limited (URJA)","Other Electrical Equipment","Electrical Equipment",4708062257.92,-0.56,-2.08,-3.45,503556,373.19,0.00
"Azad India Mobility Limited (AZADIND)","Iron & Steel Products","Industrial Products",4682111244.00,3.89,4.65,-5.19,70203,0.00,0.00
"Mangal Credit and Fincorp Limited (MANCREDIT)","Non Banking Financial Company (NBFC)","Finance",4647188318.60,-0.27,-1.47,-0.93,105468,26.10,0.22
"Shree Rama Newsprint Limited (RAMANEWS)","Other Beverages","Paper Forest & Jute Products",4632191804.80,-0.35,0.22,-1.23,14119,0.00,0.00
"Shiva Cement Limited (SHIVACEM)","Cement & Cement Products","SHIVACEM",4581350000.00,-1.15,0.52,-6.78,131022,0.00,0.00
"Oswal Agro Mills Limited (OSWALAGRO)","Trading & Distributors","Commercial Services & Supplies",4565324731.76,0.35,0.38,-8.70,19413,272.98,0.00
"R K Swamy Limited (RKSWAMY)","Advertising & Media Agencies","Media",4548504186.51,-1.23,0.79,-4.74,24773,36.51,0.00
"HALEOS LABS LIMITED (HALEOSLABS)","Pharmaceuticals","Pharmaceuticals & Biotechnology",4534930500.00,-0.11,0.16,-0.02,555,23.64,0.10
"BMW Ventures Limited (BMWVENTLTD)","Trading - Metals","Metals & Minerals Trading",4522187250.00,-0.11,0.48,-8.46,43483,11.31,0.00
"POCL Enterprises Limited (POEL)","Commodity Chemicals","Chemicals & Petrochemicals",4507231159.50,-0.93,6.81,-3.83,38758,0.00,0.85
"Alufluoride Limited (ALUFLUOR)","Commodity Chemicals","ALUFLUOR",4480745161.90,-0.07,6.66,26.76,6912,0.00,0.00
"Mcleod Russel India Limited (MCLEODRUSS)","Tea & Coffee","Agricultural Food & other Products",4467571785.95,-3.93,-3.52,-15.36,627661,0.00,0.00
"Vishal Fabrics Limited (VISHAL)","Garments & Apparels","Textiles & Apparels",4461932254.06,-0.17,-1.10,-4.66,34434,0.00,0.00
"A B Cotspin India Limited (ABCOTS)","Other Textile Products","ABCOTS",4446534869.00,0.74,-3.53,-1.05,4142,56.19,0.00
"Advani Hotels & Resorts (India) Limited (ADVANIHOTR)","Hotels & Resorts","Leisure Services",4422257840.00,0.40,-0.10,-4.97,14028,28.33,0.00
"Elin Electronics Limited (ELIN)","Household Appliances","Consumer Durables",4398271785.60,-1.04,-0.06,-9.92,402933,69.37,0.00
"HT Media Limited (HTMEDIA)","Print Media","Media",4392859628.30,-1.23,1.52,-11.87,92225,76.58,0.00
"Sarveshwar Foods Limited (SARVESHWAR)","Other Agricultural Products","Agricultural Food & other Products",4372273964.95,-2.75,-5.08,2.31,3010745,52.95,0.00
"Nila Spaces Limited (NILASPACES)","Residential, Commercial Projects","Realty",4368231228.00,-3.24,-9.84,-13.09,1095668,22.03,0.00
"Dish TV India Limited (DISHTV)","TV Broadcasting & Software Production","DISHTV",4363776847.98,-2.47,-7.42,-13.19,3533046,0.00,0.00
"Rama Phosphates Limited (RAMAPHO)","Fertilizers","Fertilizers & Agrochemicals",4352530398.00,-0.20,1.76,-1.58,15287,8.07,0.00
"Brahmaputra Infrastructure Limited (BRAHMINFRA)","Civil Construction","Construction",4335348960.00,-3.48,-7.98,-4.32,41413,0.00,0.00
"HLV LIMITED (HLVLTD)","Hotels & Resorts","Leisure Services",4324744937.44,0.46,-2.81,1.39,86809,56.00,0.00
"Repro India Limited (REPRO)","Printing & Publication","Printing & Publication",4303601400.00,-4.62,-1.72,-3.32,244479,97.43,0.00
"Omax Autos Limited (OMAXAUTO)","Auto Components & Equipments","Auto Components",4295613813.00,-0.68,10.34,4.13,52206,10.64,0.00
"Donear Industries Limited (DONEAR)","Other Textile Products","Textiles & Apparels",4279600000.00,0.51,-1.78,-2.87,16214,22.11,0.24
"Gujarat Apollo Industries Limited (GUJAPOLLO)","Industrial Products","Industrial Manufacturing",4254808500.00,0.52,-6.30,-6.15,3626,28.39,0.00
"W S Industries (I) Limited (WSI)","Civil Construction","Construction",4250137808.00,-1.79,-4.42,-7.93,22326,20.26,0.00
"Lords Chloro Alkali Limited (LORDSCHLO)","Commodity Chemicals","LORDSCHLO",4240771428.00,10.19,8.78,10.05,302916,11.68,0.00
"Manaksia Limited (MANAKSIA)","Iron & Steel Products","Industrial Products",4227601565.50,0.12,0.39,11.80,21816,6.08,0.00
"Jenburkt Pharmaceuticals Limited (JENBURPH)","Pharmaceuticals","Pharmaceuticals & Biotechnology",4192193670.00,-0.63,-3.06,-9.20,889,0.00,0.00
"VTM Limited (VTMLTD)","Other Textile Products","Textiles & Apparels",4189704540.00,-1.42,-12.29,-21.50,72833,0.00,0.00
"Nahar Capital and Financial Services Limited (NAHARCAP)","Investment Company","Finance",4166446349.60,0.28,0.53,-4.30,331,14.14,0.59
"Vraj Iron and Steel Limited (VRAJ)","Sponge Iron","Ferrous Metals",4159438082.09,0.04,-1.28,3.95,9380,11.59,0.00
"Indo Thai Securities Limited (INDOTHAI)","Stockbroking & Allied","INDOTHAI",4140004988.60,-1.33,-4.83,-40.69,1205309,15.94,0.00
"Manomay Tex India Limited (MANOMAY)","Other Textile Products","Textiles & Apparels",4115111580.00,-1.75,-0.73,5.77,178641,34.81,0.00
"Lancer Container Lines Limited (LANCER)","Logistics Solution Provider","Transport Services",4104924403.16,0.26,-4.05,2.47,111096,0.00,0.00
"Remsons Industries Limited (REMSONSIND)","Auto Components & Equipments","Auto Components",4091281480.50,5.11,18.89,43.98,4262134,46.49,0.00
"De Nora India Limited (DENORA)","Electrodes & Refractories","Industrial Products",4086586453.20,-2.22,-1.59,-6.62,4443,39.48,0.00
"Suratwwala Business Group Limited (SBGLP)","Residential, Commercial Projects","Realty",4073552175.60,2.88,5.67,-3.53,61789,81.82,0.00
"Nile Limited (NILE)","Industrial Minerals","NILE",4067574500.00,-1.32,-7.33,-7.95,3259,0.00,0.35
"Almondz Global Securities Limited (ALMONDZ)","Stockbroking & Allied","Capital Markets",4063388747.50,7.65,14.74,39.34,1151830,59.33,0.00
"Vishnu Prakash R Punglia Limited (VPRPL)","Civil Construction","VPRPL",4062147960.00,-1.22,-6.13,-3.32,225414,29.83,0.00
"Liberty Shoes Limited (LIBERTSHOE)","Footwear","Consumer Durables",4049896800.00,-0.81,7.41,-3.84,21983,54.68,0.00
"Sinclairs Hotels Limited (SINCLAIR)","Hotels & Resorts","Leisure Services",4049540000.00,-0.82,-3.58,5.91,9410,38.26,4.88
"Kothari Products Limited (KOTHARIPRO)","Trading & Distributors","Commercial Services & Supplies",4036084302.60,1.25,7.15,-1.89,11027,32.87,0.00
"Vinyl Chemicals (India) Limited (VINYLINDIA)","Trading - Chemicals","Chemicals & Petrochemicals",4024995864.50,-0.21,-1.43,-7.44,1993,30.24,0.00
"Mirza International Limited (MIRZAINT)","Leather And Leather Products","Consumer Durables",3994034910.00,0.07,-0.82,-10.53,107153,59.80,0.00
"Artemis Electricals and Projects Limited (AEPL)","Other Electrical Equipment","Electrical Equipment",3991486710.00,-1.43,-0.13,10.34,38932,0.00,0.00
"NDL Ventures Limited (NDLVENTURE)","Other Financial Services","Finance",3969210683.48,-2.09,-4.16,-3.26,7489,258.12,3.22
"Sahyadri Industries Limited (SAHYADRI)","Other Construction Materials","Other Construction Materials",3953803560.00,-1.16,-1.14,4.39,5630,16.61,0.00
"Batliboi Limited (BATLIBOI)","Industrial Products","Industrial Manufacturing",3944519761.90,-0.21,3.21,-2.83,13429,0.00,0.71
"Andhra Cements Limited (ACL)","Cement & Cement Products","Cement & Cement Products",3940358985.00,0.16,0.21,-3.50,9779,0.00,0.00
"Mangalam Organics Limited (MANORG)","Commodity Chemicals","Chemicals & Petrochemicals",3939642400.00,1.27,0.67,-8.07,3558,71.74,0.00
"Gokul Refoils and Solvent Limited (GOKUL)","Edible Oil","GOKUL",3910302500.00,-0.58,-2.30,-12.18,145483,19.99,0.00
"Xtglobal Infotech Limited (XTGLOBAL)","Computers - Software & Consulting","IT - Software",3908364763.70,0.62,-1.35,-0.27,20689,26.55,0.00
"Kriti Nutrients Limited (KRITINUT)","Edible Oil","Agricultural Food & other Products",3907573524.80,-0.41,-4.12,-13.72,7037,13.61,0.00
"Foods & Inns Limited (FOODSIN)","Packaged Foods","Food Products",3897172574.00,-0.02,-2.88,-2.81,73902,23.13,0.00
"Nicco Parks & Resorts Limited (NICCOPAR)","Amusement Parks/ Other Recreation","NICCOPAR",3879720000.00,2.47,3.05,-2.87,1076,0.00,0.00
"Tara Chand InfraLogistic Solutions Limited (TARACHAND)","Diversified Commercial Services","Commercial Services & Supplies",3833254887.00,5.10,1.97,1.59,71075,23.25,0.44
"S&SPOWER (S&SPOWER)","Other Electrical Equipment","Electrical Equipment",3825880500.00,-2.36,-2.82,-8.68,6820,89.24,0.00
"Radiant Cash Management Services Limited (RADIANTCMS)","Diversified Commercial Services","Commercial Services & Supplies",3825478430.10,0.17,1.21,-6.54,76758,21.45,7.03
"Captain Polyplast Limited (CPL)","Plastic Products - Industrial","Industrial Products",3821353165.00,1.10,-1.54,-5.52,26032,0.00,0.00
"Indogulf Cropsciences Limited (IGCL)","Pesticides & Agrochemicals","Fertilizers & Agrochemicals",3814935978.98,-3.48,-10.01,-16.63,136156,10.18,0.00
"Nimbus Projects Limited (NIMBSPROJ)","Residential, Commercial Projects","NIMBSPROJ",3814484225.75,-1.19,6.47,12.01,1858,0.00,0.00
"Nandan Denim Limited (NDL)","Other Textile Products","Textiles & Apparels",3791070518.40,-2.97,-5.40,-14.61,1326115,12.69,0.00
"Avonmore Capital & Management Services Limited (AVONMORE)","Non Banking Financial Company (NBFC)","Finance",3781275529.40,1.83,7.54,-0.30,266100,22.42,0.00
"DiGiSPICE Technologies Limited (DIGISPICE)","IT Enabled Services","IT - Services",3773511384.48,-0.80,-5.36,-4.63,111103,43.87,0.00
"Markolines Pavement Technologies Limited (MARKOLINES)","Civil Construction","Construction",3772412028.00,1.41,0.11,-1.19,190364,13.98,0.00
"Jinkushal Industries Limited (JKIPL)","Dealers-Commercial Vehicles, Tractors, Construction Vehicles","Agricultural Commercial & Construction Vehicles",3734957800.00,-1.91,-1.32,-5.84,2296,44.58,0.00
"Muthoot Capital Services Limited (MUTHOOTCAP)","Non Banking Financial Company (NBFC)","Finance",3725366224.50,-2.11,-3.32,-7.58,10162,10.11,0.00
"Banswara Syntex Limited (BANSWRAS)","Other Textile Products","Textiles & Apparels",3714181114.00,-0.56,0.01,-9.27,16084,20.39,0.90
"Euro Panel Products Limited (EUROBOND)","Aluminium, Copper & Zinc Products","Industrial Products",3699500000.00,1.34,1.99,-1.67,2657,59.66,0.00
"Goa Carbon Limited (GOACARBON)","Industrial Minerals","Minerals & Mining",3647151774.60,-0.73,5.55,11.50,14667,8.53,0.75
"Suraj Limited (SURAJLTD)","Iron & Steel Products","Industrial Products",3637560928.00,-1.21,-1.35,-4.80,97,44.28,0.00
"Bella Casa Fashion & Retail Limited (BELLACASA)","Garments & Apparels","Textiles & Apparels",3630957750.00,0.97,3.31,21.43,14505,20.30,0.00
"Thomas Scott (India) Limited (THOMASCOTT)","Garments & Apparels","Textiles & Apparels",3622116822.00,5.81,4.38,-11.54,160337,30.83,0.00
"PAKKA LIMITED (PAKKA)","Paper & Paper Products","Paper Forest & Jute Products",3594174740.00,-1.56,-4.02,-8.54,96390,32.61,0.00
"Orient Paper & Industries Limited (ORIENTPPR)","Paper & Paper Products","Paper Forest & Jute Products",3585940391.80,-0.24,-1.74,0.00,183765,0.00,8.88
"Moneyboxx Finance Limited (MONEYBOXX)","Non Banking Financial Company (NBFC)","Finance",3574929132.00,-4.99,-6.02,-9.19,27305,288.35,0.00
"ABM Knowledgeware Limited (ABMKNO)","Software Products","ABMKNO",3560391600.00,1.91,4.40,-7.41,7283,0.00,0.00
"Akme Fintrade (India) Limited (AFIL)","Non Banking Financial Company (NBFC)","Finance",3539987178.00,0.00,-6.50,-17.86,1657599,7.98,0.00
"Bedmutha Industries Limited (BEDMUTHA)","Aluminium, Copper & Zinc Products","Industrial Products",3516763356.00,7.43,4.07,0.81,17660,32.70,0.00
"Tolins Tyres Limited (TOLINS)","Tyres & Rubber Products","Auto Components",3496531543.50,-2.25,0.55,-8.56,63412,10.93,0.00
"Emami Realty Limited (EMAMIREAL)","Residential, Commercial Projects","EMAMIREAL",3491473951.90,-0.91,-0.12,-1.63,28025,0.00,0.00
"VARVEE GLOBAL LIMITED (VGL)","Other Textile Products","Textiles & Apparels",3489006787.38,1.14,2.17,14.80,42751,0.00,0.00
"Geekay Wires Limited (GEEKAYWIRE)","Iron & Steel Products","Electrical Equipment",3478425600.00,-1.53,0.09,47.26,415607,12.17,0.00
"Tracxn Technologies Limited (TRACXN)","Data Processing Services","Commercial Services & Supplies",3478179169.08,2.51,4.90,8.36,84028,137.50,0.00
"Rubfila International Limited (RUBFILA)","Rubber","Industrial Products",3473121856.00,-0.75,-4.99,-2.19,56164,13.46,3.03
"HCL Infosystems Limited (HCL-INSYS)","Computers Hardware & Equipments","IT - Hardware",3463288442.56,1.44,0.48,-4.54,150513,0.00,0.00
"DCM Shriram Industries Limited (DCMSRIND)","Sugar","Agricultural Food & other Products",3457939353.75,4.83,3.95,-21.29,2401956,14.93,5.26
"TREJHARA SOLUTIONS LIMITED (TREJHARA)","Logistics Solution Provider","IT - Software",3455930848.20,7.01,8.26,-8.05,46259,163.03,0.00
"Davangere Sugar Company Limited (DAVANGERE)","Other Agricultural Products","Diversified FMCG",3431977915.20,9.59,16.50,-16.67,28793669,42.85,0.00
"Ponni Sugars (Erode) Limited (PONNIERODE)","Sugar","Agricultural Food & other Products",3413571946.00,5.04,11.33,-1.38,132564,10.69,0.00
"Zodiac Energy Limited (ZODIAC)","Civil Construction","Construction",3408130214.36,-1.93,1.20,-8.49,13144,103.31,0.33
"DCM Nouvelle Limited (DCMNVL)","Other Textile Products","Textiles & Apparels",3380672569.00,0.29,0.44,0.39,8893,229.11,0.00
"Dreamfolks Services Limited (DREAMFOLKS)","Airport & Airport services","Transport Infrastructure",3371982264.60,-1.28,-2.25,-6.11,35192,33.37,0.00
"Dev Accelerator Limited (DEVX)","Diversified Commercial Services","Commercial Services & Supplies",3359434402.50,-0.44,10.21,4.50,179787,33.50,0.00
"Essar Shipping Limited (ESSARSHPNG)","Shipping","Transport Services",3342663562.80,-0.37,-0.25,-2.83,48806,1.88,0.00
"MBL Infrastructure Limited (MBLINFRA)","Civil Construction","Construction",3304640227.20,1.05,-4.89,-10.47,87140,0.00,0.00
"HP Adhesives Limited (HPAL)","Specialty Chemicals","Chemicals & Petrochemicals",3256959355.75,-1.80,1.99,0.97,41928,44.19,1.12
"Aastha Spintex Limited (AASTHA)","Other Textile Products","AASTHA",3210020056.80,-10.00,-4.63,-0.45,4769681,0.00,0.00
"RDB Real Estate Constructions Limited (RRECL)","Residential, Commercial Projects","Realty",3209624800.00,-7.30,-12.16,-12.23,343,0.00,0.00
"Career Point Edutech Limited (CPEDU)","Education","Other Consumer Services",3201957264.00,-1.13,2.53,-1.15,1982,13.66,0.00
"Kriti Industries (India) Limited (KRITI)","Plastic Products - Industrial","Industrial Products",3189161920.00,-0.71,1.82,-5.95,6972,42.31,0.00
"Harrisons  Malayalam Limited (HARRMALAYA)","Rubber","Industrial Products",3174329660.00,-1.31,-3.64,-13.50,9942,1595.39,0.00
"Shah Metacorp Limited (SHAH)","Iron & Steel Products","Industrial Products",3173068756.44,0.63,-1.52,0.94,1640107,156.69,0.00
"Shankara Building Products Limited (SHANKARA)","Speciality Retail","Retailing",3169386908.20,-3.06,-12.43,-10.36,59779,17.96,0.00
"Ruchira Papers Limited (RUCHIRA)","Paper & Paper Products","Paper Forest & Jute Products",3156107163.75,0.41,-2.84,2.22,24880,9.47,0.00
"Apollo Sindoori Hotels Limited (APOLSINHOT)","Hotels & Resorts","Leisure Services",3107738040.00,-1.21,-1.63,-1.25,1289,35.07,0.00
"Highway Infrastructure Limited (HILINFRA)","Road Assets, Toll, Annuity, Hybrid-Annuity","Transport Infrastructure",3083987176.00,-0.72,-2.09,-5.01,86095,12.06,0.00
"Ashima Limited (ASHIMASYN)","Residential, Commercial Projects","Textiles & Apparels",3078060852.68,1.01,2.62,-12.00,21790,7.31,0.00
"Modi Rubber Limited (MODIRUBBER)","Tyres & Rubber Products","Auto Components",3051940040.16,1.36,1.36,-11.96,1008,37093.99,0.00
"Cineline India Limited (CINELINE)","Film Production, Distribution & Exhibition","CINELINE",3049712626.00,0.02,-1.51,-1.49,16644,24.71,0.00
"Robust Hotels Limited (RHL)","Hotels & Resorts","Leisure Services",3039534322.88,-3.57,-2.10,5.17,1365,53.95,0.00
"Sayaji Industries Limited (SAYAJIIND)","Other Agricultural Products","Agricultural Food & other Products",3033600000.00,-1.64,4.35,6.81,501,0.00,0.00
"Halder Venture Limited (HALDER)","Edible Oil","Agricultural Food & other Products",3028685872.50,-2.93,-13.33,-17.62,3407,0.00,0.00
"Axita Cotton Limited (AXITA)","Other Textile Products","Textiles & Apparels",3019723533.39,-0.63,-1.25,-1.13,815658,36.01,0.00
"K.M.Sugar Mills Limited (KMSUGAR)","Sugar","Agricultural Food & other Products",2994605533.50,11.70,13.73,0.22,1179803,15.42,0.00
"Saraswati Saree Depot Limited (SSDL)","Garments & Apparels","Textiles & Apparels",2928009212.00,10.57,20.52,28.43,427404,11.10,0.00
"ATLANTAA LIMITED (ATLANTAA)","Road Assets, Toll, Annuity, Hybrid-Annuity","Transport Infrastructure",2913625000.00,0.22,-0.80,-5.40,13114,4.51,0.00
"Poddar Pigments Limited (PODDARMENT)","Dyes And Pigments","Chemicals & Petrochemicals",2911914500.00,-1.36,-3.41,9.98,2454,14.74,0.00
"Aarey Drugs & Pharmaceuticals Limited (AAREYDRUGS)","Pharmaceuticals","AAREYDRUGS",2892422449.03,1.31,-0.12,32.64,112885,31.64,0.00
"Industrial Investment Trust Limited (IITL)","Investment Company","Finance",2873174401.68,-4.19,-4.23,-14.40,192851,10.58,0.00
"Annapurna Swadisht Limited (ANNAPURNA)","Packaged Foods","Food Products",2869330000.00,0.61,-0.79,-11.54,9829,51.95,0.00
"Vardhman Polytex Limited (VARDMNPOLY)","Other Textile Products","Textiles & Apparels",2854642313.64,0.69,3.87,-1.50,88139,0.88,0.00
"Megastar Foods Limited (MEGASTAR)","Other Food Products","Food Products",2852223935.00,-2.80,-10.38,-17.36,3756,74.06,0.00
"Dynemic Products Limited (DYNPRO)","Specialty Chemicals","Chemicals & Petrochemicals",2846722042.35,-1.56,-0.37,0.04,6761,127.45,0.00
"Anjani Portland Cement Limited (APCL)","Cement & Cement Products","Cement & Cement Products",2827321035.00,0.26,-1.64,-5.30,3558,0.00,0.00
"M.K. Exim (India) Limited (MKEXIM)","Distributors","MKEXIM",2825707500.00,1.75,3.81,13.12,30682,0.00,0.00
"Nath Bio-Genes (India) Limited (NATHBIOGEN)","Other Agricultural Products","Agricultural Food & other Products",2823234240.00,-0.57,0.83,-2.86,9940,11.06,1.35
"EKI Energy Services Limited (EKI)","Consulting Services","Commercial Services & Supplies",2802452835.00,1.97,48.11,33.32,722768,0.00,0.00
"CP Capital Limited (CPCAP)","Non Banking Financial Company (NBFC)","Finance",2799711382.71,-0.43,5.99,27.48,13613,11.12,0.00
"Mahindra EPC Irrigation Limited (MAHEPC)","Industrial Products","Industrial Manufacturing",2794795792.47,0.85,-2.58,-5.85,23032,2167.20,0.00
"Tiger Logistics (India) Limited (TIGERLOGS)","Logistics Solution Provider","Transport Services",2784796500.00,-0.11,0.80,-13.64,90978,14.71,0.00
"Elgi Rubber Company Limited (ELGIRUBCO)","Rubber","ELGIRUBCO",2776273500.00,-3.83,-9.95,-7.27,116560,111.15,0.00
"Exxaro Tiles Limited (EXXARO)","Ceramics","Consumer Durables",2769472233.00,-0.48,-0.96,0.98,141227,68.19,0.00
"Silgo Retail Limited (SILGO)","Gems, Jewellery And Watches","Consumer Durables",2754244351.90,-0.96,-0.99,-3.14,12888,20.83,0.00
"Genus Paper & Boards Limited (GENUSPAPER)","Paper & Paper Products","Paper Forest & Jute Products",2751247558.00,-3.30,-6.22,-11.50,303009,196.92,0.00
"Tera Software Limited (TERASOFT)","IT Enabled Services","IT - Services",2696309062.50,-0.79,-8.92,-28.52,26068,18.93,0.00
"Nila Infrastructures Limited (NILAINFRA)","Residential, Commercial Projects","Realty",2690263236.00,-2.69,3.02,-1.16,273026,35.15,0.00
"Le Merite Exports Limited (LEMERITE)","Trading - Textile Products","Textiles & Apparels",2666078400.00,2.28,16.08,-6.99,219022,0.00,0.00
"S V Global Mill Limited (SVGLOBAL)","Residential, Commercial Projects","SVGLOBAL",2657292441.50,-1.71,-0.66,23.07,1416,0.00,0.00
"R.P.P. Infra Projects Limited (RPPINFRA)","Civil Construction","Construction",2653838331.36,-1.43,-0.54,-7.53,57550,13.98,0.00
"Chembond Material Technologies Limited (CHEMBOND)","Specialty Chemicals","Chemicals & Petrochemicals",2649312736.00,0.21,2.19,15.54,8106,18.43,0.00
"Soma Textiles & Industries Limited (SOMATEX)","Other Textile Products","Textiles & Apparels",2642640000.00,0.13,-1.17,-8.15,3625,137.05,4.98
"Plaza Wires Limited (PLAZACABLE)","Cables - Electricals","Industrial Products",2625562200.78,-1.24,-1.72,14.46,35030,105.91,0.00
"Sakuma Exports Limited (SAKUMA)","Trading & Distributors","Commercial Services & Supplies",2618090128.80,0.60,10.60,2.45,1169361,36.47,0.00
"A2Z Infra Engineering Limited (A2ZINFRA)","Diversified Commercial Services","Commercial Services & Supplies",2613129109.76,-0.14,-1.14,-7.83,167738,56.33,0.00
"Starteck Finance Limited (STARTECK)","Non Banking Financial Company (NBFC)","Finance",2601461625.00,9.19,9.38,4.08,211,16.75,0.00
"Globe Civil Projects Limited (GLOBECIVIL)","Civil Construction","Construction",2591804556.60,-0.14,2.70,-5.01,9026,10.18,0.00
"SAB Industries Limited (SAB)","Civil Construction","Construction",2585713260.00,0.00,-2.38,-1.16,5,0.00,0.00
"Aaron Industries Limited (AARON)","Industrial Products","Industrial Manufacturing",2577464117.90,6.37,2.61,-11.46,28654,43.42,0.00
"Naga Dhunseri Group Limited (NDGL)","Investment Company","Finance",2575600000.00,-0.02,-2.79,-4.84,41,12.88,0.00
"Jayshree Tea & Industries Limited (JAYSREETEA)","Tea & Coffee","Agricultural Food & other Products",2572984180.80,1.65,-0.31,-16.39,17278,0.00,0.00
"Mercantile Ventures Limited (MERCANTILE)","Diversified Commercial Services","MERCANTILE",2550615664.05,0.58,0.40,-6.94,524,0.00,0.00
"Spencer's Retail Limited (SPENCERS)","Diversified Retail","Retailing",2523696252.00,-2.94,-1.34,-6.88,41164,0.00,0.00
"Diamines & Chemicals Limited (DIAMINESQ)","Specialty Chemicals","Chemicals & Petrochemicals",2522426941.15,0.57,-2.31,1.08,5139,75.05,0.00
"Shankar Lal Rampal Dye-Chem Limited (SRD)","Trading - Chemicals","Chemicals & Petrochemicals",2503659769.20,-0.66,-0.03,-2.13,4387,13.68,0.00
"FCS Software Solutions Limited (FCSSOFT)","IT Enabled Services","FCSSOFT",2495947526.00,9.77,3.55,1.39,3497198,69.55,0.00
"Maral Overseas Limited (MARALOVER)","Other Textile Products","Textiles & Apparels",2487989520.00,-0.54,0.98,8.98,6753,11.21,0.00
"Bimetal Bearings Limited (BIMETAL)","Auto Components & Equipments","AUTO ANCILLARIES",2478600000.00,-1.68,1.22,4.00,107,0.00,2.04
"IL&FS Investment Managers Limited (IVC)","Asset Management Company","Capital Markets",2458876354.20,1.30,-0.89,-3.09,157173,85.94,0.00
"Shree Ajit Pulp & Paper Limited (SAPPL)","Paper & Paper Products","SAPPL",2450771013.60,-0.45,0.27,-5.20,148,0.00,0.00
"DJ Mediaprint & Logistics Limited (DJML)","Logistics Solution Provider","Transport Services",2444917963.04,-3.48,-9.18,-3.74,75725,70.42,0.00
"Shradha Realty Limited (SHRADHA)","Residential, Commercial Projects","Realty",2442886650.88,-2.49,0.53,-6.65,2093,13.10,0.00
"Coastal Corporation Limited (COASTCORP)","Seafood","Food Products",2429264132.10,-4.11,-6.62,-10.33,124729,1001.51,0.74
"Shalibhadra Finance Limited (SAHLIBHFI)","Non Banking Financial Company (NBFC)","SAHLIBHFI",2417017300.00,-0.88,2.21,7.21,21320,0.00,0.00
"Ravinder Heights Limited (RVHL)","Residential, Commercial Projects","Realty",2415007877.48,1.26,-0.25,-1.65,689,4.99,0.00
"Star Paper Mills Limited (STARPAPER)","Paper & Paper Products","Paper Forest & Jute Products",2403685900.00,-0.14,-3.03,4.13,2363,5.63,0.00
"Indo-National Limited (NIPPOBATRY)","Household Products","Household Products",2400000000.00,-1.36,0.06,-1.42,1563,2.86,0.00
"Sumit Woods Limited (SUMIT)","Residential, Commercial Projects","Realty",2381451549.28,-0.81,0.67,-3.79,54349,37.48,0.00
"Lotus Eye Hospital and Institute Limited (LOTUSEYE)","Hospital","Healthcare Services",2370781620.00,1.63,-0.96,0.01,6263,66.90,0.00
"TRF Limited (TRF)","Industrial Products","Industrial Manufacturing",2366058624.12,0.24,-0.11,-7.20,6886,14.92,0.00
"UFO Moviez India Limited (UFO)","Film Production, Distribution & Exhibition","Entertainment",2356662749.90,0.34,-0.41,-7.31,26279,62.89,0.00
"Manaksia Aluminium Company Limited (MANAKALUCO)","Aluminium","Non - Ferrous Metals",2355949097.50,0.91,0.22,-10.21,15840,39.64,0.00
"Asian Hotels (East) Limited (AHLEAST)","Hotels & Resorts","Leisure Services",2348212316.80,0.74,0.15,-3.15,3103,10.76,0.00
"Competent Automobiles Company Limited (COMPEAU)","Auto -Dealer","Automobiles",2339467500.00,0.00,0.00,3.84,502,0.00,0.27
"Arvee Laboratories (India) Limited (ARVEE)","Specialty Chemicals","Chemicals & Petrochemicals",2337342000.00,-4.93,21.85,16.51,9353,225.27,0.00
"National Standard (India) Limited (NATIONSTD)","Residential, Commercial Projects","NATIONSTD",2336000000.00,0.90,6.24,1.91,15391,0.00,0.00
"VMS TMT Limited (VMSTMT)","Iron & Steel Products","Industrial Products",2332666870.00,0.76,-5.32,0.02,19008,13.53,0.00
"RMC Switchgears Limited (RMC)","Other Electrical Equipment","RMC",2312138595.00,1.45,-4.24,-13.81,22974,0.00,0.00
"SRG Housing Finance Limited (SRGHFL)","Housing Finance Company","Finance",2305873918.40,-4.98,14.55,-42.79,15491,31.19,0.00
"Vikas Lifecare Limited (VIKASLIFE)","Trading & Distributors","Commercial Services & Supplies",2303509014.40,-0.81,2.48,0.00,1320140,98.63,0.00
"Worth Peripherals Limited (WORTHPERI)","Packaging","Industrial Products",2297283350.00,-1.58,-1.13,-4.19,952,12.69,0.00
"TAKE Limited (TAKE)","Healthcare Research, Analytics & Technology","TAKE",2290018320.00,0.71,-3.01,-17.70,144138,17.77,0.00
"Gillanders Arbuthnot & Company Limited (GILLANDERS)","Diversified","GILLANDERS",2263782640.22,4.75,1.48,0.18,20672,12.70,0.00
"Sakthi Sugars Limited (SAKHTISUG)","Sugar","Agricultural Food & other Products",2246246780.40,5.79,2.89,-13.02,624810,7.79,0.00
"The Indian Wood Products Company Limited (IWP)","Forest Products","IWP",2239045200.00,1.98,0.78,4.01,2763,0.00,0.57
"Hampton Sky Realty Limited (HAMPTON)","Residential, Commercial Projects","Realty",2221082370.00,2.92,-1.46,1.00,12054,0.00,0.00
"Nitiraj Engineers Limited (NITIRAJ)","Other Electrical Equipment","Electrical Equipment",2219341500.00,-3.72,-6.69,6.09,3259,24.68,0.00
"Rana Sugars Limited (RANASUG)","Diversified FMCG","Diversified FMCG",2211376608.00,3.97,-0.21,-5.64,1178227,13.11,0.00
"BPL Limited (BPL)","Consumer Electronics","Consumer Durables",2203908795.00,0.29,-1.73,-10.39,27183,40.41,0.00
"Shiva Texyarn Limited (SHIVATEX)","Other Textile Products","Textiles & Apparels",2197179853.50,-1.87,0.59,-0.55,2381,153.77,0.35
"Cubex Tubings Limited (CUBEXTUB)","Aluminium, Copper & Zinc Products","Industrial Products",2179920754.00,10.00,78.43,92.54,2579721,41.31,0.00
"Empower India Limited (EMPOWER)","Computers - Software & Consulting","IT - Software",2176303307.20,-4.59,-21.43,-23.98,5356437,0.00,0.00
"Sintercom India Limited (SINTERCOM)","Auto Components & Equipments","Auto Components",2174697938.00,1.19,2.46,-0.08,3169,302.93,0.00
"Team India Guaranty Limited (TEAMGTY)","Investment Company","Finance",2171395826.05,-0.11,1.24,4.91,272,63.11,0.00
"Surana Telecom and Power Limited (SURANAT&P)","Power Generation","Power",2165371409.85,0.19,-2.68,-1.79,34118,36.29,0.00
"Alankit Limited (ALANKIT)","Diversified Commercial Services","Commercial Services & Supplies",2163841638.00,-0.76,3.10,-1.48,129468,26.89,0.00
"Neelamalai Agro Industries Limited (NEAGI)","Tea & Coffee","NEAGI",2157808665.60,0.00,4.86,0.35,0,0.00,0.00
"Medico Remedies Limited (MEDICO)","Pharmaceuticals","Pharmaceuticals & Biotechnology",2157584000.00,-20.00,-25.48,-38.18,3539670,36.88,0.00
"Generic Engineering Construction and Projects Limited (GENCON)","Residential, Commercial Projects","Realty",2151229767.25,-1.24,-5.65,-9.04,268643,21.74,0.00
"Pavna Industries Limited (PAVNAIND)","Auto Components & Equipments","Auto Components",2148762000.00,1.11,-1.72,-15.48,29382,45.41,0.00
"The United Nilgiri Tea Estates Company Limited (UNITEDTEA)","Tea & Coffee","Agricultural Food & other Products",2142277672.50,-0.74,-0.67,-5.33,2416,14.10,0.63
"Country Club Hospitality & Holidays Limited (CCHHL)","Hotels & Resorts","CCHHL",2141388028.50,-2.59,0.69,4.38,25038,0.00,0.00
"Vibhor Steel Tubes Limited (VSTL)","Iron & Steel Products","Industrial Products",2137446574.96,0.79,-0.72,1.09,3529,28.59,0.00
"Sicagen India Limited (SICAGEN)","Trading & Distributors","TRADING",2128956599.20,1.47,1.95,-1.82,10821,0.00,0.00
"Airan Limited (AIRAN)","IT Enabled Services","IT - Services",2125340000.00,2.71,1.86,13.33,101852,42.96,0.00
"Archidply Industries Limited (ARCHIDPLY)","Plywood Boards/ Laminates","Consumer Durables",2124561750.00,-0.20,2.05,-6.45,5592,39.28,0.00
"Alfred Herbert India Limited (ALFREDHE)","Non Banking Financial Company (NBFC)","ALFREDHE",2121815464.50,-1.30,-2.81,-7.86,29,0.00,0.00
"Power & Instrumentation (Gujarat) Limited (PIGL)","Other Electrical Equipment","Electrical Equipment",2118868900.00,-2.10,1.52,-1.59,88650,14.11,0.00
"Comfort Intech Limited (COMFINTE)","Breweries & Distilleries","COMFINTE",2108391947.20,14.41,10.20,8.39,1363067,0.00,0.00
"Nectar Lifesciences Limited (NECLIFE)","Pharmaceuticals","Pharmaceuticals & Biotechnology",2107731524.50,-0.37,-1.18,-4.24,103563,136.68,0.00
"Milkfood Limited (MLKFOOD)","Dairy Products","MLKFOOD",2101446378.00,-0.67,2.86,-9.99,2586,0.00,1.51
"Music Broadcast Limited (RADIOCITY)","Media & Entertainment","Entertainment",2098311743.75,1.17,1.00,-7.89,30851,63.01,0.00
"Shree Tirupati Balajee Agro Trading Company Limited (BALAJEE)","Packaging","Industrial Products",2084135268.60,0.75,0.95,-3.22,21064,21.34,0.00
"T T Limited (TTL)","Other Textile Products","Textiles & Apparels",2082319510.32,-1.66,-1.38,10.02,176663,74.86,0.00
"Revathi Equipment India Limited (RVTH)","Industrial Products","Industrial Manufacturing",2076320411.00,-0.97,-2.91,-7.34,874,13.24,0.00
"Aarvi Encon Limited (AARVI)","Diversified Commercial Services","Commercial Services & Supplies",2048485800.00,0.78,-1.39,-8.46,7911,18.64,1.47
"Vijay Solvex Limited (VIJSOLX)","Edible Oil","Agricultural Food & other Products",2036163331.15,0.00,0.72,-7.31,0,0.00,0.00
"Century Extrusions Limited (CENTEXT)","Aluminium, Copper & Zinc Products","Industrial Products",2030600000.00,-1.38,-3.65,-8.43,108079,27.93,0.00
"Madhav Infra Projects Limited (MADHAVIPL)","Civil Construction","MADHAVIPL",2029949146.80,-0.92,-3.46,4.15,80667,0.00,0.00
"NTC Industries Limited (NTCIND)","Cigarettes & Tobacco Products","Cigarettes & Tobacco Products",2029756200.00,0.56,5.23,2.13,2875,0.00,0.00
"Race Eco Chain Limited (RACE)","Waste Management","Other Utilities",2013397524.00,1.66,20.53,16.36,136785,369.12,0.00
"Aeroflex Neu Limited (AERONEU)","Packaging","Industrial Products",2012088000.00,-0.52,16.26,-7.84,288275,335.22,0.00
"Jullundur Motor Agency (Delhi) Limited (JMA)","Trading - Auto Components","Auto Components",2010012752.00,0.31,-2.45,-1.72,4528,9.46,3.34
"Intense Technologies Limited (INTENTECH)","IT Enabled Services","IT - Software",1997616262.95,2.67,8.20,3.90,26803,19.63,0.00
"Hindustan Adhesives Limited (HINDADH)","Plastic Products - Industrial","HINDADH",1992543035.00,-0.77,3.88,10.45,1621,0.00,0.00
"Rudra Global Infra Products Limited (RUDRA)","Iron & Steel Products","Industrial Products",1973763096.76,0.99,-4.88,-7.04,14673,0.00,0.00
"Aspinwall and Company Limited (ASPINWALL)","Diversified","Diversified",1971772233.60,-2.01,0.26,-3.23,1747,17.81,0.00
"Rossell India Limited (ROSSELLIND)","Tea & Coffee","Agricultural Food & other Products",1969640818.75,-0.19,-0.74,-8.83,25615,155.10,0.58
"ARCL Organics Limited (ARCL)","Commodity Chemicals","Chemicals & Petrochemicals",1964240000.00,-4.41,-6.29,8.67,1308,0.00,0.00
"Ausom Enterprise Limited (AUSOMENT)","Gems, Jewellery And Watches","Consumer Durables",1961791488.00,-1.74,-5.36,-2.43,2777,12.71,0.00
"Tainwala Chemical and Plastic (I) Limited (TAINWALCHM)","Plastic Products - Industrial","Industrial Products",1958451946.45,-3.50,-1.86,-1.62,5113,62.85,0.00
"Zodiac Clothing Company Limited (ZODIACLOTH)","Garments & Apparels","Textiles & Apparels",1944035674.80,1.50,1.84,-2.49,2226,0.00,0.00
"VIP Clothing Limited (VIPCLOTHNG)","Garments & Apparels","Textiles & Apparels",1943192429.64,-0.32,3.65,4.81,45956,20.59,0.00
"RRIL Limited (RRIL)","Other Textile Products","RRIL",1933367925.50,-0.99,2.57,-7.43,17486,0.00,0.00
"Spacenet Enterprises India Limited (SPCENET)","Trading & Distributors","Commercial Services & Supplies",1920989997.68,-0.30,7.99,1.20,647300,134.70,0.00
"Waterbase Limited (WATERBASE)","Seafood","Food Products",1896932210.41,0.15,-0.37,-7.25,7545,0.00,0.00
"Global Vectra Helicorp Limited (GLOBALVECT)","Airline","Transport Services",1893500000.00,-1.35,2.79,-9.17,4099,0.00,0.00
"Abans Enterprises Limited (ABANSENT)","Trading - Metals","ABANSENT",1883219760.00,-0.26,3.57,-2.24,3615,0.00,0.00
"Alpine Texworld Limited (ALPINETEX)","Other Textile Products","Textiles & Apparels",1870278300.00,-3.14,-7.14,-12.43,466758,0.00,0.00
"Brand Concepts Limited (BCONCEPTS)","Speciality Retail","Retailing",1847442614.77,-2.09,-3.32,-7.28,20843,58.87,0.00
"Vikas EcoTech Limited (VIKASECO)","Specialty Chemicals","Chemicals & Petrochemicals",1839454264.96,0.97,0.00,-1.89,889394,44.45,0.00
"DRC Systems India Limited (DRCSYSTEMS)","IT Enabled Services","IT - Software",1829832891.00,1.12,0.55,-1.55,26678,22.98,0.00
"UMIYA BUILDCON LIMITED (UMIYA-MRO)","Telecom - Equipment & Accessories","Telecom - Equipment & Accessories",1829035689.78,0.86,-0.12,10.16,6359,26.01,0.00
"PIL ITALICA LIFESTYLE LIMITED (PILITA)","Plastic Products - Consumer","Consumer Durables",1816550000.00,3.21,3.34,-2.52,65850,57.70,0.00
"Integra Essentia Limited (ESSENTIA)","Trading & Distributors","Commercial Services & Supplies",1807941751.62,-0.97,0.00,-8.85,1166081,28.44,0.00
"IP Rings Limited (IPRINGLTD)","Auto Components & Equipments","AUTO ANCILLARIES",1803775589.50,-1.14,1.68,-1.86,2919,0.00,0.00
"Superhouse Limited (SUPERHOUSE)","Leather And Leather Products","Consumer Durables",1802587500.00,-0.45,-0.97,-7.20,4839,20.84,0.00
"Shreyans Industries Limited (SHREYANIND)","Paper & Paper Products","Paper Forest & Jute Products",1797250000.00,-0.20,-0.86,5.03,2486,5.30,0.00
"Murudeshwar Ceramics Limited (MURUDCERA)","Ceramics","Consumer Durables",1743703488.00,1.12,1.91,-6.04,4317,59.50,0.00
"Trigyn Technologies Limited (TRIGYN)","Computers - Software & Consulting","IT - Software",1742472657.60,3.04,5.68,0.98,225719,19.16,0.00
"Bal Pharma Limited (BALPHARMA)","Pharmaceuticals","Pharmaceuticals & Biotechnology",1703533304.00,2.56,6.29,25.56,62694,26.22,1.11
"Kanchi Karpooram Limited (KANCHI)","Commodity Chemicals","KANCHI",1698244186.45,-0.85,1.11,-0.34,252,0.00,0.00
"Baid Finserv Limited (BAIDFIN)","Non Banking Financial Company (NBFC)","Finance",1688280366.30,2.30,0.09,12.37,103934,13.82,0.00
"Wardwizard Innovations & Mobility Limited (WARDINMOBI)","2/3 Wheelers","Automobiles",1684577697.60,-0.89,-2.10,-6.20,429093,0.00,0.00
"Niraj Cement Structurals Limited (NIRAJ)","Civil Construction","Construction",1671441520.00,-3.50,0.94,-2.10,33826,13.49,0.00
"Texmo Pipes and Products Limited (TEXMOPIPES)","Plastic Products - Industrial","Industrial Products",1664406950.00,-1.96,-7.29,22.13,69419,15.00,0.00
"Suryalata Spinning Mills Limited (SURYALA)","Other Textile Products","SURYALA",1663916650.00,-0.01,-1.28,1.77,303,0.00,0.00
"Modern Threads (India) Limited (MODTHREAD)","Other Textile Products","Textiles & Apparels",1662252648.00,0.17,-0.40,-15.85,1995,8.61,0.00
"Prajay Engineers Syndicate Limited (PRAENG)","Residential, Commercial Projects","Realty",1653282099.24,3.67,4.19,26.55,254874,0.00,0.00
"M TEK COPPER LIMITED (MCL)","Aluminium, Copper & Zinc Products","Finance",1652996520.00,-3.65,8.87,5.47,82072,81.21,0.00
"Atal Realtech Limited (ATALREAL)","Residential, Commercial Projects","Realty",1627996725.00,-7.40,-8.50,-61.42,7859696,26.96,0.00
"Avance Technologies Limited (AVANCE)","Software Products","IT - Software",1605353118.30,1.25,1.25,-7.95,1729168,0.00,0.00
"Intrasoft Technologies Limited (ISFT)","E-Retail/ E-Commerce","Retailing",1602622363.50,-3.28,3.25,7.45,145764,20.48,0.00
"Filatex Fashions Limited (FILATFASH)","Garments & Apparels","Textiles & Apparels",1583473817.75,0.00,11.76,5.56,45723506,83.03,0.00
"Indo Us Biotech Limited (INDOUS)","Other Agricultural Products","Agricultural Food & other Products",1581300720.00,-0.59,1.10,-3.82,2473,13.66,0.00
"Virinchi Limited (VIRINCHI)","Software Products","IT - Software",1576776134.28,0.00,-1.27,-9.92,38149,32.88,0.00
"INCREDIBLE INDUSTRIES LIMITED (INCREDIBLE)","Iron & Steel Products","Industrial Products",1571262000.00,1.11,3.80,0.36,7776,38.72,0.00
"Metroglobal Limited (METROGLOBL)","Trading & Distributors","Commercial Services & Supplies",1567699062.50,-0.62,-3.72,-8.52,962,0.00,0.00
"HB Estate Developers Limited (HBESD)","Residential, Commercial Projects","HBESD",1562194793.88,-3.50,-7.52,-8.73,129,0.00,0.00
"Amj Land Holdings Limited (AMJLAND)","Residential, Commercial Projects","Realty",1557180000.00,1.02,2.15,-0.89,2920,17.07,0.00
"Reliable Data Services Limited (RELIABLE)","Other Financial Services","Finance",1529320800.00,-0.17,5.70,4.54,11825,16.79,0.00
"Lorenzini Apparels Limited (LAL)","Garments & Apparels","Textiles & Apparels",1523536379.82,-2.65,-0.45,-0.11,15168,41.49,0.00
"Shree Ram Twistex Limited (SRTL)","Other Textile Products","SRTL",1523047500.00,-0.60,0.21,-4.25,14179,0.00,0.00
"M K Proteins Limited (MKPL)","Edible Oil","Agricultural Food & other Products",1516502880.00,0.50,1.76,-1.94,33897,23.30,0.00
"Indian Terrain Fashions Limited (INDTERRAIN)","Garments & Apparels","Textiles & Apparels",1516474294.31,0.13,3.53,-0.47,3166,336.54,0.00
"Shri Bajrang Alliance Limited (SHBAJRG)","Iron & Steel Products","SHBAJRG",1501200000.00,2.68,7.61,1.02,2062,0.00,0.00
"Vaswani Industries Limited (VASWANI)","Sponge Iron","Ferrous Metals",1497402653.85,0.60,-2.19,-1.60,21654,16.47,0.00
"Mangalam Seeds Limited (MSL)","Other Agricultural Products","Agricultural Food & other Products",1493301488.00,0.00,-3.84,-8.85,67,0.00,0.00
"Paul Merchants Limited (PML)","Other Financial Services","Finance",1492810200.00,-1.80,-2.44,-4.12,321,0.00,0.00
"Tips Films Limited (TIPSFILMS)","Film Production, Distribution & Exhibition","Entertainment",1484911341.00,9.61,7.23,-0.58,24778,0.00,0.00
"SecMark Consultancy Limited (SECMARK)","Computers - Software & Consulting","IT - Software",1473027000.00,-3.78,-2.15,12.78,2594,304.96,0.00
"Lambodhara Textiles Limited (LAMBODHARA)","Other Textile Products","Textiles & Apparels",1465317120.00,3.66,17.46,-0.58,644953,41.49,0.00
"Maha Rashtra Apex Corporation Limited (MAHAPEXLTD)","Other Financial Services","Finance",1451747125.92,-0.31,-5.87,-12.47,9986,35.82,0.00
"Salona Cotspin Limited (SALONA)","Other Textile Products","Textiles & Apparels",1445844400.00,0.18,4.31,1.73,359,25.72,0.00
"Indowind Energy Limited (INDOWIND)","Power Generation","Power",1437749378.10,0.68,0.11,-3.67,81711,44.70,0.00
"The Western India Plywoods Limited (WIPL)","Plywood Boards/ Laminates","Consumer Durables",1429862169.80,1.12,1.97,-0.81,314,52.45,0.62
"Airo Lam limited (AIROLAM)","Plywood Boards/ Laminates","Consumer Durables",1422939700.00,4.47,6.57,6.63,5894,26.88,0.00
"Hindcon Chemicals Limited (HINDCON)","Specialty Chemicals","Chemicals & Petrochemicals",1414396968.75,9.87,16.04,15.51,188464,51.51,0.00
"Bharat Road Network Limited (BRNL)","Road Assets, Toll, Annuity, Hybrid-Annuity","Construction",1401125500.00,-0.12,2.71,-3.53,21702,0.00,0.00
"Bright Brothers Limited (BRIGHTBR)","Plastic Products - Industrial","BRIGHTBR",1397337810.00,-0.06,-0.99,-2.77,1236,0.00,0.00
"Digicontent Limited (DGCONTENT)","Advertising & Media Agencies","Media",1392416776.54,0.55,-2.29,-2.64,13399,35.68,0.00
"Parnax Lab Limited (PARNAXLAB)","Pharmaceuticals","PARNAXLAB",1389185255.20,-4.55,-5.66,-6.82,11075,0.00,0.00
"Kamdhenu Ventures Limited (KAMOPAINTS)","Paints","Consumer Durables",1381800000.00,-0.48,-4.33,-8.30,329674,86.36,0.00
"Tarmat Limited (TARMAT)","Civil Construction","Construction",1381040450.50,3.31,-4.61,1.60,12463,139.76,0.00
"Crown Lifters Limited (CROWN)","Industrial Products","Industrial Manufacturing",1378862300.00,1.20,9.67,14.05,9405,53.90,0.00
"Ishan Dyes and Chemicals Limited (ISHANCH)","Specialty Chemicals","Chemicals & Petrochemicals",1359758970.60,0.64,-2.43,13.18,33410,0.00,0.00
"Kritika Wires Limited (KRITIKA)","Iron & Steel Products","Industrial Products",1344714000.00,0.40,-2.88,-8.01,88017,45.57,0.00
"Bodhi Tree Multimedia Limited (BTML)","Digital Entertainment","Entertainment",1331844705.41,7.03,1.10,-18.19,623099,42.58,0.00
"Xelpmoc Design And Tech Limited (XELPMOC)","Software Products","IT - Software",1326597729.50,19.99,20.31,8.97,129401,0.00,0.00
"Lagnam Spintex Limited (LAGNAM)","Other Textile Products","Textiles & Apparels",1324998310.00,0.00,3.66,-1.24,938,16.69,0.00
"Global Surfaces Limited (GSLSU)","Granites & Marbles","Consumer Durables",1324431812.50,-2.66,11.45,4.76,37609,39.82,0.00
"Magnum Ventures Limited (MAGNUM)","Paper & Paper Products","Paper Forest & Jute Products",1321706644.44,1.98,0.68,0.31,15051,145.85,0.00
"Hindprakash Industries Limited (HPIL)","Dyes And Pigments","Chemicals & Petrochemicals",1318342294.00,0.02,-3.02,-9.66,21,113.05,0.43
"Premco Global Limited (PREMCO)","Other Textile Products","Textiles & Apparels",1305561240.00,-1.73,-1.26,1.96,873,0.00,0.50
"AAA Technologies Limited (AAATECH)","Consulting Services","Commercial Services & Supplies",1305126900.00,10.52,17.02,10.55,735186,46.15,0.00
"Sonal Mercantile Limited (SONAL)","Non Banking Financial Company (NBFC)","Finance",1292568642.50,0.00,4.32,2.93,0,0.00,0.00
"Sadbhav Engineering Limited (SADBHAV)","Road Assets, Toll, Annuity, Hybrid-Annuity","SADBHAV",1286781000.00,-1.06,-2.98,-7.18,98193,1.19,0.00
"Coral India Finance & Housing Limited (CORALFINAC)","Diversified Commercial Services","Commercial Services & Supplies",1282416799.50,1.53,-2.27,-6.74,6235,9.57,0.00
"Keynote Financial Services Limited (KEYFINSERV)","Stockbroking & Allied","Capital Markets",1263626599.00,-1.86,-7.70,-11.48,1538,6.07,0.00
"HEC Infra Projects Limited (HECPROJECT)","Civil Construction","Construction",1261561824.00,-0.16,-2.81,-3.97,1150,20.93,0.00
"BALAXI PHARMACEUTICALS LIMITED (BALAXI)","Pharmaceuticals","Pharmaceuticals & Biotechnology",1254314400.00,0.40,-3.52,-0.48,11304,16.46,0.00
"Dev Information Technology Limited (DEVIT)","IT Enabled Services","IT - Services",1252401725.08,-1.37,-3.93,-12.55,52336,24.59,0.00
"Surana Solar Limited (SURANASOL)","Trading & Distributors","Electrical Equipment",1252307970.00,-1.36,-0.20,-2.04,17041,357.07,0.00
"WH Brady & Company Limited (WHBRADY)","Other Industrial Products","Industrial Products",1252050000.00,-1.59,3.14,-7.35,35,0.00,0.00
"LKP Securities Limited (LKPSEC)","Stockbroking & Allied","Capital Markets",1242725195.58,0.00,0.07,-5.48,12106,0.00,0.00
"Krebs Biochemicals and Industries Limited (KREBSBIO)","Pharmaceuticals","Pharmaceuticals & Biotechnology",1237793242.26,-1.25,0.17,6.75,2532,0.00,0.00
"Sampann Utpadan India Limited (SAMPANN)","Rubber","Industrial Products",1237333500.00,1.99,2.76,-4.23,37461,16.78,0.00
"BSL Limited (BSL)","Other Textile Products","Textiles & Apparels",1235266003.36,-0.22,1.49,-1.66,2183,19.77,0.00
"Alpa Laboratories Limited (ALPA)","Pharmaceuticals","Pharmaceuticals & Biotechnology",1231085506.00,0.05,-1.42,-5.77,125298,11.82,0.00
"Steel City Securities Limited (STEELCITY)","Stockbroking & Allied","Capital Markets",1223372553.10,-2.85,-5.16,-8.10,13018,11.01,4.72
"Thakkers Developers Limited (THAKDEV)","Residential, Commercial Projects","Realty",1214910000.00,2.70,5.87,-5.90,23,0.00,0.00
"Anik Industries Limited (ANIKINDS)","Trading & Distributors","Commercial Services & Supplies",1207276641.00,0.65,-2.44,-6.51,3918,619.14,0.00
"OBCL Limited (OBCL)","Logistics Solution Provider","Transport Services",1202773169.50,-3.06,0.05,0.58,365,30.77,0.00
"Supreme Holdings & Hospitality (India) Limited (SUPREME)","Residential, Commercial Projects","Realty",1202690065.36,0.32,-2.75,-21.22,4143,176.74,0.00
"Latteys Industries Limited (LATTEYS)","Compressors, Pumps & Diesel Engines","Industrial Products",1200512826.00,2.94,0.92,-6.16,77039,106.18,0.00
"Vishwaraj Sugar Industries Limited (VISHWARAJ)","Sugar","Agricultural Food & other Products",1195874073.00,3.79,3.39,-12.72,673898,23.25,0.00
"ShreeOswal Seeds And Chemicals Limited (OSWALSEEDS)","Other Agricultural Products","Agricultural Food & other Products",1193683500.00,3.15,-4.88,8.48,69285,9.49,0.00
"Ruchi Infrastructure Limited (RUCHINFRA)","Diversified Commercial Services","Commercial Services & Supplies",1191925957.10,-0.78,-2.88,-11.40,32572,89.70,0.00
"Chemcrux Enterprises Limited (CHEMCRUX)","Specialty Chemicals","Chemicals & Petrochemicals",1182782050.80,1.60,-1.13,-5.86,5371,0.00,0.00
"Indian Card Clothing Company Limited (INDIANCARD)","Other Textile Products","Textiles & Apparels",1177945862.40,-4.12,-5.59,-4.68,10799,20.75,0.00
"Vaishali Pharma Limited (VAISHALI)","Pharmaceuticals","Pharmaceuticals & Biotechnology",1166399956.80,1.06,-1.71,8.41,54082,85.15,0.00
"Kohinoor Foods Limited (KOHINOOR)","Other Food Products","Food Products",1162192465.50,0.75,2.62,-12.38,90283,1.35,0.00
"Lahoti Overseas Limited (LAHOTIOV)","Trading & Distributors","LAHOTIOV",1161025700.00,4.23,1.38,-5.62,3662,0.00,0.49
"ITL Industries Limited (ITL)","Industrial Products","Industrial Manufacturing",1159956600.00,-0.55,1.44,-1.09,471,0.00,0.27
"Indbank Merchant Banking Services Limited (INDBANK)","Stockbroking & Allied","Capital Markets",1152945636.00,-0.30,1.64,-18.46,14918,23.23,0.00
"Ganges Securities Limited (GANGESSECU)","Tea & Coffee","Agricultural Food & other Products",1146422530.20,2.24,0.39,-7.13,834,50.45,0.00
"BCPL Railway Infrastructure Limited (BCPL)","Civil Construction","BCPL",1145401966.62,-1.02,2.35,-1.93,13828,0.00,1.44
"Weizmann Limited (WEIZMANIND)","Other Textile Products","Textiles & Apparels",1140347507.20,1.86,2.97,-2.58,1649,24.21,0.00
"Sambhaav Media Limited (SAMBHAAV)","Electronic Media","Media",1135198389.60,0.51,-2.46,-6.31,82882,38.14,0.00
"Assam Entrade Limited (ASSAMENT)","Non Banking Financial Company (NBFC)","Finance",1123036200.00,0.00,0.00,5.26,0,0.00,0.00
"Optimus Finance Limited (OPTIFIN)","Non Banking Financial Company (NBFC)","OPTIFIN",1120097770.00,0.07,7.00,7.92,42946,0.00,0.00
"Makers Laboratories Limited (MAKERSL)","Pharmaceuticals","MAKERSL",1109270688.00,-0.54,-1.51,-12.77,1595,0.00,0.00
"GTL Limited (GTL)","Other Telecom Services","Telecom - Services",1107369338.24,0.57,-0.71,-4.35,78314,5.84,0.00
"Udayshivakumar Infra Limited (USK)","Civil Construction","Construction",1098839268.70,1.27,-1.10,-6.94,30738,12.78,0.00
"Vibrant Global Capital Limited (VGCL)","Non Banking Financial Company (NBFC)","Finance",1097034428.20,1.46,-1.09,-11.90,54,0.00,0.00
"Zenith Exports Limited (ZENITHEXPO)","Leather And Leather Products","Consumer Durables",1095438750.00,3.82,-0.47,-1.68,102,2663.59,0.00
"Norben Tea & Exports Limited (NORBTEAEXP)","Tea & Coffee","Agricultural Food & other Products",1088087000.00,3.30,6.87,-0.01,4162,0.00,0.00
"Loyal Textile Mills Limited (LOYALTEX)","Other Textile Products","LOYALTEX",1078402259.40,-0.80,11.20,6.62,993,0.00,0.00
"Standard Industries Limited (SIL)","Trading - Textile Products","Realty",1078153051.16,-0.89,3.91,-15.99,28440,158.66,0.00
"Suryalakshmi Cotton Mills Limited (SURYALAXMI)","Other Textile Products","Textiles & Apparels",1071901530.00,-0.87,-1.32,1.17,3319,29.16,3.40
"Compucom Software Limited (COMPUSOFT)","Education","Other Consumer Services",1060277519.20,-0.83,-1.69,1.59,11907,55.07,0.00
"Somi Conveyor Beltings Limited (SOMICONVEY)","Industrial Products","Industrial Manufacturing",1054279212.00,-0.01,-5.04,-4.85,5060,39.09,0.00
"Rajshree Sugars & Chemicals Limited (RAJSREESUG)","Sugar","Agricultural Food & other Products",1047416505.66,0.76,-0.82,-17.01,644442,21.13,0.00
"The Grob Tea Company Limited (GROBTEA)","Tea & Coffee","Agricultural Food & other Products",1040285350.00,-0.07,-2.92,-7.46,183,7.65,0.00
"Kshitij Polyline Limited (KSHITIJPOL)","Stationary","Household Products",1029973770.41,-4.94,14.52,61.95,497252,50.02,0.00
"Lovable Lingerie Limited (LOVABLE)","Garments & Apparels","Textiles & Apparels",1028896000.00,-0.03,-0.22,-2.47,4906,63.38,0.00
"Narmada Agrobase Limited (NARMADA)","Animal Feed","Food Products",1018971677.14,0.98,-2.11,-4.07,1844506,27.74,0.00
"GLOBE ENTERPRISES (INDIA) LIMITED (GLOBE)","Other Textile Products","Textiles & Apparels",1013442273.00,-0.88,8.70,11.39,416495,20.61,0.00
"Amarjothi Spinning Mills Limited (AMARJOTHI)","Other Textile Products","TEXTILES - COTTON",1012500000.00,1.92,1.99,-6.28,656,0.00,0.00
"Jet Freight Logistics Limited (JETFREIGHT)","Logistics Solution Provider","Transport Services",1002321734.40,1.04,-2.44,-3.23,167163,11.27,0.00
"Art Nirman Limited (ARTNIRMAN)","Residential, Commercial Projects","Realty",997990440.00,0.05,2.54,-0.40,0,161.33,0.00
"Shri Krishna Devcon Limited (SHRIKRISH)","Residential, Commercial Projects","Realty",980000000.00,-3.00,-5.35,-8.38,104,0.00,0.00
"Pacific Industries Limited (PACIFICI)","Granites & Marbles","PACIFICI",978756300.00,4.26,-4.05,5.62,8649,0.00,0.00
"Bhandari Hosiery Exports Limited (BHANDARI)","Other Textile Products","Textiles & Apparels",975562348.69,0.00,-2.01,-3.62,69403,25.02,0.00
"Beardsell Limited (BEARDSELL)","Other Industrial Products","Industrial Products",966206500.00,1.49,2.64,-8.55,8623,18.14,0.00
"Cravatex Limited (CRAVATEX)","Trading & Distributors","Commercial Services & Supplies",961565936.00,2.30,14.65,7.86,542,0.00,0.00
"RTS Power Corporation Limited (RTSPOWR)","Other Electrical Equipment","Electrical Equipment",958933415.00,20.00,19.83,13.07,14220,0.00,0.00
"Inventure Growth & Securities Limited (INVENTURE)","Stockbroking & Allied","Capital Markets",934500000.00,0.00,0.00,-2.20,585864,15.97,0.00
"AVRO INDIA LIMITED (AVROIND)","Plastic Products - Consumer","Consumer Durables",932491230.00,-2.68,-12.47,-23.96,133618,31.21,0.00
"B.A.G Films and Media Limited (BAGFILMS)","TV Broadcasting & Software Production","BAGFILMS",931960365.72,-0.23,-1.61,-2.28,28683,21.25,0.00
"Mukesh Babu Financial Services Limited (MUKESHB)","Non Banking Financial Company (NBFC)","Finance",916673350.00,3.54,-1.13,-9.25,600,0.00,0.00
"Barak Valley Cements Limited (BVCL)","Cement & Cement Products","Cement & Cement Products",912105600.00,0.19,0.98,-3.85,12620,20.65,0.00
"Shilp Gravures Limited (SHILGRAVQ)","Aluminium, Copper & Zinc Products","Industrial Products",904328090.00,3.14,-4.94,-9.97,1906,0.00,0.00
"Aakash Exploration Services Limited (AAKASH)","Offshore Support Solution Drilling","Oil",904162500.00,-1.87,0.56,1.48,140427,21.00,0.00
"REGENCERAM (REGENCERAM)","","",901129250.88,-4.00,4.70,1.40,1978,0.00,0.00
"BLB Limited (BLBLIMITED)","Investment Company","Finance",900823996.32,-0.12,6.50,6.30,75246,35.85,0.00
"Palash Securities Limited (PALASHSECU)","Packaged Foods","Food Products",899278869.80,5.72,4.40,0.81,1078,6.34,0.00
"SPL Industries Limited (SPLIL)","Trading - Textile Products","Textiles & Apparels",899000124.00,4.66,2.31,1.64,19895,15.41,0.00
"Ducon Infratechnologies Limited (DUCON)","Industrial Products","Industrial Manufacturing",896794619.76,-4.88,26.83,-35.00,2277545,28.19,0.00
"Reliance Chemotex Industries Limited (RELCHEMQ)","Other Textile Products","Textiles & Apparels",893912215.50,-0.16,-1.00,5.15,583,55.35,0.00
"Shervani Industrial Syndicate Limited (SHERVANI)","Residential, Commercial Projects","Realty",887418387.70,6.12,-2.16,10.53,30,0.00,0.00
"Landsmill Green Limited (LANDSMILL)","Trading & Distributors","Commercial Services & Supplies",874630934.10,19.23,10.71,-11.43,6935351,58.35,0.00
"Moksh Ornaments Limited (MOKSH)","Gems, Jewellery And Watches","Consumer Durables",873664773.30,0.00,-2.65,-2.27,45888,15.42,0.00
"Swarnsarita Jewels India Limited (SWARNSAR)","Gems, Jewellery And Watches","Consumer Durables",870353792.00,-0.86,7.01,17.47,10276,0.00,0.00
"Landmark Property Development Company Limited (LPDC)","Real Estate related services","Realty",869247676.80,-1.81,-8.35,-9.75,20129,10.51,0.00
"Praxis Home Retail Limited (PRAXIS)","Speciality Retail","Retailing",867743020.70,4.94,14.18,-11.05,141877,0.00,0.00
"Rajnandini Metal Limited (RAJMET)","Aluminium, Copper & Zinc Products","Industrial Products",862617600.00,-0.32,-0.95,-2.50,202636,22.97,0.00
"Goyal Aluminiums Limited (GOYALALUM)","Trading & Distributors","Commercial Services & Supplies",844978057.60,-0.34,2.60,-7.79,40513,61.75,0.00
"Addi Industries Limited (ADDIND)","Garments & Apparels","Textiles & Apparels",841053114.60,0.27,-5.75,-10.35,181,0.00,0.00
"Kakatiya Cement Sugar & Industries Limited (KAKATCEM)","Cement & Cement Products","Cement & Cement Products",828693262.80,0.69,-0.68,-7.80,1484,0.00,0.00
"Shri Vasuprada Plantations Limited (VASUPRADA)","Tea & Coffee","Agricultural Food & other Products",827611759.80,4.83,-2.06,3.98,6,0.00,0.00
"Hisar Metal Industries Limited (HISARMETAL)","Iron & Steel Products","Industrial Products",822150000.00,0.09,-1.48,1.51,414,18.62,0.00
"Sarthak Metals Limited (SMLT)","Iron & Steel Products","Industrial Products",812075970.00,-2.29,-3.42,-14.14,7194,18.09,0.00
"Banaras Beads Limited (BANARBEADS)","Gems, Jewellery And Watches","Consumer Durables",811825082.10,6.90,8.85,11.34,36764,22.99,0.00
"Cinevista Limited (CINEVISTA)","Residential, Commercial Projects","Entertainment",807556838.50,-0.50,-0.50,-2.16,8262,13.27,0.00
"Banka BioLoo Limited (BANKA)","Civil Construction","BANKA",798031036.00,-4.03,-8.70,-8.64,9948,68.25,0.00
"Terai Tea Company Limited (TERAI)","Tea & Coffee","Agricultural Food & other Products",797998800.00,5.66,-3.33,-5.91,414,0.00,0.00
"Semac Construction Limited (SEMAC)","Civil Construction","Construction",794913540.00,-4.99,-6.83,-11.98,1613,12.68,0.00
"R. S. Software (India) Limited (RSSOFTWARE)","Computers - Software & Consulting","RSSOFTWARE",783977253.85,-2.18,0.30,1.54,24481,35.22,0.00
"CG Vak Software & Exports Limited (CGVAK)","Computers - Software & Consulting","CGVAK",777730800.00,3.58,2.80,3.49,7674,0.00,0.68
"Fiberweb (India) Limited (FIBERWEB)","Other Textile Products","Textiles & Apparels",774209081.90,-0.11,3.03,3.15,9370,16.99,0.00
"NRB Industrial Bearings Limited (NIBL)","Abrasives & Bearings","Industrial Products",772715428.50,0.12,2.97,1.43,7942,0.00,0.00
"Transcorp International Limited (TRANSCOR)","Other Financial Services","TRANSCOR",768649993.44,-1.47,0.92,1.14,3293,0.00,1.66
"Zenith Steel Pipes & Industries Limited (ZENITHSTL)","Iron & Steel Products","Industrial Products",759777592.32,-0.19,-4.30,-0.93,82896,14.88,0.00
"JHS Svendgaard Laboratories Limited (JHS)","Personal Care","Personal Products",745571192.51,3.06,-0.12,-4.05,98454,0.00,0.00
"Nagreeka Exports Limited (NAGREEKEXP)","Other Textile Products","Textiles & Apparels",728107525.00,-2.29,10.27,2.69,57115,21.06,0.00
"Sunil Healthcare Limited (SUNLOC)","Pharmaceuticals","Pharmaceuticals & Biotechnology",727061775.00,-1.53,-3.52,1.29,139,0.00,0.00
"Adroit Infotech Limited (ADROITINFO)","IT Enabled Services","ADROITINFO",726559316.00,3.53,19.39,31.68,181849,13.63,0.00
"LCC Infotech Limited (LCCINFOTEC)","Education","Other Consumer Services",713149870.50,4.96,22.97,24.05,590793,0.00,0.00
"Energy Development Company Limited (ENERGYDEV)","Power Generation","Power",707750000.00,2.28,1.50,-6.93,16457,46.15,0.00
"Digidrive Distributors Limited (DIGIDRIVE)","E-Retail/ E-Commerce","Retailing",707610828.30,2.85,5.28,3.61,16637,26.45,0.00
"Tokyo Plast International Limited (TOKYOPLAST)","Plastic Products - Consumer","Consumer Durables",703103600.00,-2.14,-2.21,-3.34,141,80.05,0.00
"KHAITANLTD (KHAITANLTD)","","",702952500.00,-2.88,-2.72,0.69,2475,0.00,0.00
"Ansal Buildwell Limited (ANSALBU)","Residential, Commercial Projects","ANSALBU",701022054.42,-0.22,20.22,28.30,4437,0.00,0.00
"Paras Petrofils Limited (PARASPETRO)","Investment Company","PARASPETRO",695179680.00,0.00,-2.80,-5.88,65519,0.00,0.00
"Bonlon Industries Limited (BONLON)","Trading - Metals","BONLON",680728524.90,-0.53,6.18,3.72,11772,0.00,0.00
"Vineet Laboratories Limited (VINEETLAB)","Pharmaceuticals","Pharmaceuticals & Biotechnology",670298683.40,-0.23,-5.11,-9.82,57655,57.98,0.00
"Apoorva Leasing Finance and Investment Company Limited (APOORVA)","Other Financial Services","Finance",668160405.00,-0.74,7.73,32.16,364,0.00,0.00
"Touchwood Entertainment Limited (TOUCHWOOD)","Other Consumer Services","Other Consumer Services",666093636.95,-2.65,-1.35,-2.66,2191,49.44,0.00
"HB Portfolio Limited (HBPOR)","Other Financial Services","Finance",662000145.00,-1.29,0.82,1.25,1223,0.00,0.00
"Atam Valves Limited (ATAM)","Industrial Products","Industrial Manufacturing",657403050.00,-1.74,-0.40,3.35,5460,33.92,0.00
"Pioneer Embroideries Limited (PIONEEREMB)","Other Textile Products","Textiles & Apparels",655268973.84,-1.61,-3.10,-3.23,5260,50.27,0.00
"Odigma Consultancy Solutions Limited (ODIGMA)","IT Enabled Services","IT - Services",648612837.50,0.19,-1.19,-5.16,11955,0.00,0.00
"Transwarranty Finance Limited (TFL)","Non Banking Financial Company (NBFC)","Finance",647615279.50,0.26,-2.00,0.00,3661,49.85,0.00
"Raj Oil Mills Limited (ROML)","Edible Oil","Agricultural Food & other Products",643014543.60,2.20,3.75,0.42,1512,50.36,0.00
"Prakash Steelage Limited (PRAKASHSTL)","Iron & Steel Products","Industrial Products",635251415.70,-1.63,-0.55,-5.96,75243,83.18,2.69
"Delta Manufacturing Limited (DELTAMAGNT)","Other Industrial Products","Industrial Products",632294762.40,4.98,6.04,2.90,9102,0.00,0.00
"RKEC Projects Limited (RKEC)","Civil Construction","Construction",630022640.00,6.22,34.58,9.66,768771,8.82,0.00
"Odyssey Corporation Limited (ODYCORP)","Non Banking Financial Company (NBFC)","ODYCORP",618434538.26,0.14,-2.26,-2.68,9498,0.00,0.00
"Atlas Cycles (Haryana) Limited (ATLASCYCLE)","Cycles","Consumer Durables",610450234.68,-3.65,6.43,-3.34,25212,0.00,0.00
"SGL Resources Limited (SGLRES)","IT Enabled Services","IT - Services",606161116.00,3.02,-0.41,-3.20,31495,0.00,0.00
"Advik Capital Limited (ADVIKCA)","Non Banking Financial Company (NBFC)","ADVIKCA",602435220.75,-1.01,1.02,-17.50,213384,0.00,0.00
"Hariyana Ship Breakers Limited (HRYNSHP)","Ship Building & Allied Services","Industrial Manufacturing",598228365.67,-1.03,-0.19,-2.99,1559,0.00,0.00
"Hind Aluminium Industries Limited (HINDALUMI)","Aluminium","Non - Ferrous Metals",595242896.00,-0.77,0.22,-4.29,1210,0.00,0.00
"Agri-Tech (India) Limited (AGRITECH)","Other Agricultural Products","Agricultural Food & other Products",575942400.00,0.28,-1.39,-4.15,2349,13.90,0.00
"SECUREKLOUD TECHNOLOGIES LIMITED (SECURKLOUD)","IT Enabled Services","IT - Services",572323663.65,2.27,1.72,-3.71,10085,0.00,0.00
"Austin Engineering Company  Limited (AUSTENG)","Industrial Products","AUSTENG",561664700.00,-4.29,22.90,31.12,10152,0.00,0.00
"Raj Television Network Limited (RAJTV)","TV Broadcasting & Software Production","Entertainment",558587581.44,4.98,25.12,5.49,85135,379.33,0.00
"3P Land Holdings Limited (3PLAND)","Investment Company","Finance",557820000.00,1.54,-0.32,-3.13,2653,43.05,0.00
"Malu Paper Mills Limited (MALUPAPER)","Paper & Paper Products","Paper Forest & Jute Products",557325697.50,2.52,1.59,2.06,14634,85.03,0.00
"Ajooni Biotech Limited (AJOONI)","Animal Feed","Food Products",551179513.60,0.31,-2.44,-11.60,140058,54.36,0.00
"VEDAVAAG Systems Limited (VEDAVAAG)","IT Enabled Services","IT - Services",549062280.00,10.04,5.36,28.22,261746,0.00,0.00
"Sundaram Multi Pap Limited (SUNDARAM)","Stationary","Household Products",544959438.95,-1.72,-0.86,-7.26,307834,13.95,0.00
"HandsOn Global Management (HGM) Limited (HGM)","IT Enabled Services","IT - Services",530248321.20,-1.31,-13.21,-3.95,1370,30.78,0.00
"Biofil Chemicals & Pharmaceuticals Limited (BIOFILCHEM)","Pharmaceuticals","Pharmaceuticals & Biotechnology",527271120.00,0.34,-1.31,1.06,5741,147.22,0.00
"Balkrishna Paper Mills Limited (BALKRISHNA)","Paper & Paper Products","Paper Forest & Jute Products",515512512.00,0.63,-2.62,-7.03,3471,16.67,0.00
"Shiva Mills Limited (SHIVAMILLS)","Other Textile Products","Textiles & Apparels",509780253.92,-3.97,-4.21,-3.91,1529,15.66,0.00
"Ahlada Engineers Limited (AHLADA)","Furniture Home Furnishing","Consumer Durables",503789790.00,1.03,4.45,5.38,16684,10.04,0.00
"Dangee Dums Limited (DANGEE)","Other Food Products","DANGEE",501958500.00,9.76,19.41,15.19,909887,0.00,0.00
"Mangalam Drugs And Organics Limited (MANGALAM)","Pharmaceuticals","MANGALAM",500964049.20,0.57,-7.62,-3.62,23815,17.24,0.00
"Ganga Forging Limited (GANGAFORGE)","Castings & Forgings","Industrial Products",495398195.25,-3.95,-5.16,-20.97,3359674,157.52,0.00
"Agro Phos India Limited (AGROPHOS)","Fertilizers","Fertilizers & Agrochemicals",492660994.50,-0.29,2.79,-8.27,8329,12.22,0.00
"WE WIN LIMITED (WEWIN)","Business Process Outsourcing (BPO)/ Knowledge Process Outsourcing (KPO)","Commercial Services & Supplies",490369860.00,-1.53,12.23,2.90,2296,29.80,0.00
"TruCap Finance Limited (TRU)","Non Banking Financial Company (NBFC)","Finance",487333671.10,-0.24,-2.61,-0.24,44534,48.91,0.00
"Mohite Industries Limited (MOHITE)","Other Textile Products","Textiles & Apparels",486412740.00,-1.66,-1.22,-4.72,27764,0.00,0.00
"Orchasp Limited (ORCHASP)","Computers - Software & Consulting","ORCHASP",481531258.74,2.22,-0.71,5.30,56162,59.20,0.00
"Phoenix International Limited (PHOENXINTL)","Diversified Commercial Services","PHOENXINTL",481524580.80,1.24,-1.10,-5.60,470,0.00,0.00
"Nandani Creation Limited (JAIPURKURT)","Garments & Apparels","Textiles & Apparels",478604199.98,-0.51,0.89,-4.75,34887,13.40,0.00
"Sambandam Spinning Mills Limited (SAMBANDAM)","Other Textile Products","TEXTILES - COTTON",476782280.00,4.51,11.80,-16.65,1662,0.00,0.00
"Toyam Sports Limited (TOYAMSL)","Other Financial Services","TOYAMSL",473808300.00,-3.57,6.49,28.13,2953375,0.00,0.00
"Suvidhaa Infoserve Limited (SUVIDHAA)","Financial Technology (Fintech)","Financial Technology (Fintech)",463672784.90,0.00,-0.45,-4.33,88167,0.00,0.00
"Dhatre Udyog Limited (DHATRE)","Iron & Steel Products","DHATRE",456519355.00,-2.36,0.24,-1.87,85524,0.00,0.00
"Tamilnadu Telecommunication Limited (TNTELE)","Telecom - Equipment & Accessories","Telecom - Equipment & Accessories",453517002.00,6.44,12.08,9.85,92723,0.00,0.00
"Sai Capital Limited (SAICAPI)","Diversified Commercial Services","Commercial Services & Supplies",452021307.00,7.51,-0.89,2.61,117,0.00,0.00
"Karma Energy Limited (KARMAENG)","Power Generation","Power",450185509.38,-1.17,-5.72,1.86,2146,163.61,0.00
"Ravi Kumar Distilleries Limited (RKDL)","Breweries & Distilleries","Beverages",446400000.00,-0.32,0.59,-0.32,1964,350.63,0.00
"Gayatri Highways Limited (GAYAHWS)","Road Assets, Toll, Annuity, Hybrid-Annuity","Transport Infrastructure",443356015.00,0.00,-2.63,-4.15,70343,84.98,0.00
"Bang Overseas Limited (BANG)","Garments & Apparels","Textiles & Apparels",443005200.00,2.37,-2.48,-5.88,12110,9.33,0.00
"Ambica Agarbathies & Aroma industries Limited (AMBICAAGAR)","Household Products","Household Products",433385802.00,-0.67,1.37,-0.75,63838,8.80,0.00
"Vinny Overseas Limited (VINNY)","Garments & Apparels","Textiles & Apparels",432679358.46,1.09,-3.13,-12.26,133335,31.31,0.00
"Celebrity Fashions Limited (CELEBRITY)","Garments & Apparels","Textiles & Apparels",429891984.36,1.07,-2.49,-3.34,18954,0.00,0.00
"Mask Investments Limited (MASKINVEST)","Investment Company","Finance",427362575.00,3.02,-2.44,-3.08,177,928.59,0.00
"Akash Infra-Projects Limited (AKASH)","Civil Construction","Construction",422237851.36,2.16,3.09,1.09,5168,369.00,0.00
"21st Century Management Services Limited (21STCENMGM)","Other Capital Market related Services","Capital Markets",419475000.00,0.25,2.49,-7.46,4675,1.52,0.00
"SVP GLOBAL TEXTILES LIMITED (SVPGLOB)","Other Textile Products","Textiles & Apparels",416185000.00,-0.30,-5.73,-11.80,25029,0.92,0.00
"Archies Limited (ARCHIES)","Leisure Products","Consumer Durables",413805000.00,-2.84,-0.33,-8.58,31221,0.00,0.00
"Dhruv Consultancy Services Limited (DHRUV)","Consulting Services","Commercial Services & Supplies",407781233.50,2.67,0.47,-8.39,5864,43.84,1.66
"Superior Industrial Enterprises Limited (SIEL)","Edible Oil","SIEL",402342500.00,0.00,-3.17,-15.97,0,0.00,0.00
"Shiva Global Agro Industries Limited (SHIVAAGRO)","Fertilizers","Fertilizers & Agrochemicals",402118320.00,1.31,-3.71,-2.99,2331,0.00,0.00
"PBM Polytex Limited (PBMPOLY)","Other Textile Products","Textiles & Apparels",398983160.00,-5.92,-10.77,-3.81,464,0.00,0.00
"Lakshmi Finance & Industrial Corporation Limited (LFIC)","Investment Company","Finance",397500000.00,-2.42,-0.18,-4.01,655,6.93,0.00
"Sagardeep Alloys Limited (SAGARDEEP)","Aluminium, Copper & Zinc Products","Industrial Products",395219958.00,-2.15,-1.91,-2.07,7598,58.50,0.00
"HB Stockholdings Limited (HBSL)","Non Banking Financial Company (NBFC)","Finance",392571575.00,1.93,4.40,5.22,3326,3.23,0.00
"Ashoka Metcast Limited (ASHOKAMET)","Trading - Metals","Metals & Minerals Trading",388937760.00,-0.06,3.05,11.78,35144,10.35,0.00
"Archidply Decor Limited (ADL)","Plywood Boards/ Laminates","Consumer Durables",388579912.50,-0.01,-0.36,-8.02,142,1880.37,0.00
"Jain Irrigation Systems Limited (JISLDVREQS)","Plastic Products - Industrial","Industrial Products",381062504.00,-1.44,-5.68,-5.73,13264,1.08,0.00
"Simplex Realty Limited (SIMPLXREA)","Residential, Commercial Projects","Realty",375119302.80,-4.99,0.97,-5.00,717,0.00,0.00
"Vivo Bio Tech Limited (VIVOBIOT)","Biotechnology","VIVOBIOT",372802550.40,4.42,0.18,-10.88,6740,0.00,0.00
"Oriental Trimex Limited (ORIENTALTL)","Granites & Marbles","Consumer Durables",369741542.95,0.60,1.41,-2.14,34099,18.07,0.00
"NK Industries Limited (NKIND)","Edible Oil","NKIND",366002910.00,1.72,5.36,3.12,21,639.55,0.00
"Aro Granite Industries Limited (AROGRANITE)","Granites & Marbles","Consumer Durables",364905000.00,0.71,3.02,-3.68,2286,55.06,0.00
"Nagreeka Capital & Infrastructure Limited (NAGREEKCAP)","Investment Company","Finance",348308433.00,-5.04,-2.06,19.78,138167,0.91,0.00
"Sumedha Fiscal Services Limited (SUMEDHA)","Other Financial Services","SUMEDHA",342931010.80,-1.26,-3.27,10.10,200,0.00,0.00
"GKB Ophthalmics Limited (GKB)","Medical Equipment & Supplies","NOT AVAILABLE",339735092.00,1.27,-0.06,6.98,873,0.00,0.00
"Bohra Industries Limited (BOHRAIND)","Fertilizers","BOHRAIND",332402786.40,6.97,23.52,14.35,75819,0.00,0.00
"Akshar Spintex Limited (AKSHAR)","Other Textile Products","Textiles & Apparels",330736770.00,0.00,2.44,2.44,818309,18.74,0.00
"Libas Consumer Products Limited (LIBAS)","Garments & Apparels","Textiles & Apparels",329043804.20,3.00,3.22,23.05,54262,8.53,0.00
"Mohit Industries Limited (MOHITIND)","Other Textile Products","Textiles & Apparels",325624225.00,-2.83,-2.62,-4.41,2135,0.00,0.00
"Mittal Life Style Limited (MITTAL)","Garments & Apparels","Textiles & Apparels",324120000.00,-4.05,-5.19,-14.12,4082181,39.52,0.00
"Madhav Marbles and Granites Limited (MADHAV)","Granites & Marbles","Consumer Durables",322092000.00,3.80,1.52,1.52,3191,0.00,0.00
"East West Freight Carriers Limited (EASTWEST)","Logistics Solution Provider","Transport Services",304904250.00,1.69,6.22,-3.63,33828,0.00,0.00
"Akg Exim Limited (AKG)","Trading & Distributors","Commercial Services & Supplies",303466300.80,-1.74,-7.91,6.23,13445,59.19,0.00
"Pearl Polymers Limited (PEARLPOLY)","Plastic Products - Consumer","Consumer Durables",303028776.00,-3.69,5.32,12.92,11088,85.40,0.00
"Diligent Media Corporation Limited (DNAMEDIA)","Electronic Media","Media",295447125.18,2.02,1.62,-1.95,17225,0.00,0.00
"DSJ Keep Learning Limited (KEEPLEARN)","Education","Other Consumer Services",291181595.21,1.65,0.54,-2.60,9589,170.63,0.00
"Polyspin Exports Limited (POLYSPIN)","Packaging","Industrial Products",289800000.00,-4.51,-2.09,-1.60,358,0.00,0.00
"KJMC Financial Services Limited (KJMCFIN)","Non Banking Financial Company (NBFC)","KJMCFIN",287383687.00,0.35,-4.98,-16.56,56,0.00,0.00
"GSS Infotech Limited (GSS)","IT Enabled Services","IT - Services",281970767.54,2.29,3.95,-13.55,36024,31.30,0.00
"Kanco Tea & Industries Limited (KANCOTEA)","Tea & Coffee","Agricultural Food & other Products",279655125.93,2.54,-1.85,-3.29,392,0.00,0.00
"Kanani Industries Limited (KANANIIND)","Gems, Jewellery And Watches","Consumer Durables",278993880.00,-0.71,-0.70,-2.76,83916,106.97,0.00
"TGB Banquets And Hotels Limited (TGBHOTELS)","Hotels & Resorts","Leisure Services",273827840.00,0.84,-0.64,-1.16,14339,19.26,0.00
"Khandwala Securities Limited (KHANDSE)","Stockbroking & Allied","Capital Markets",271822805.10,-1.38,-1.49,4.27,2115,101.58,0.00
"Infomedia Press Limited (INFOMEDIA)","Printing & Publication","Printing & Publication",266531053.32,-2.39,0.57,0.57,20025,0.00,0.00
"Tree House Education & Accessories Limited (TREEHOUSE)","Education","Other Consumer Services",255979880.20,-0.33,3.07,-0.49,22991,0.00,0.00
"Lexus Granito (India) Limited (LEXUS)","Ceramics","Consumer Durables",253438925.56,-0.08,-6.23,-8.14,15220,0.00,0.00
"Next Mediaworks Limited (NEXTMEDIA)","Media & Entertainment","Entertainment",251517334.08,3.59,-1.57,-3.84,5321,0.00,0.00
"Williamson Magor & Company Limited (WILLAMAGOR)","Investment Company","Finance",246518100.00,-4.10,-7.64,-8.05,3353,0.00,0.00
"STL Global Limited (SGL)","Other Textile Products","Textiles & Apparels",246427044.82,-7.95,-2.35,-12.88,64242,0.00,0.00
"PNC Media and Entertainment Limited (PNC)","Film Production, Distribution & Exhibition","PNC",244926310.00,1.62,0.42,-5.26,2725,31.47,0.00
"Kamanwala Housing Construction Limited (KAMANWALA)","Residential, Commercial Projects","KAMANWALA",239583720.00,0.06,2.97,2.66,0,0.00,0.00
"Tarapur Transformers Limited (TARAPUR)","Investment Company","Electrical Equipment",238680134.64,-0.25,-2.47,-19.63,15620,5.27,0.00
"Asian Tea & Exports Limited (ASIANTNE)","Trading & Distributors","Commercial Services & Supplies",233704666.00,0.76,0.97,-2.29,979,0.00,0.00
"Laxmi Cotspin Limited (LAXMICOT)","Other Textile Products","Textiles & Apparels",228578441.10,0.60,4.80,-2.49,5195,101.03,0.00
"Prismx Global Ventures Limited (PRISMX)","Trading & Distributors","Commercial Services & Supplies",228330341.72,1.96,-5.45,-3.70,160921,0.00,0.00
"Gujarat Raffia Industries Limited (GUJRAFFIA)","Packaging","Industrial Products",219909105.00,2.36,1.09,0.17,777,48.72,0.00
"Sri Havisha Hospitality and Infrastructure Limited (HAVISHA)","Hotels & Resorts","Leisure Services",213414762.00,1.47,4.51,0.00,32071,0.00,0.00
"Mahalaxmi Fabric Mills Limited (MFML)","Other Textile Products","Textiles & Apparels",202741049.75,-2.14,1.38,1.54,2763,0.00,0.00
"Steel Strips Infrastructures Limited (STLSTRINF)","Residential, Commercial Projects","Realty",196973970.00,0.22,-2.90,14.12,6696,0.00,0.00
"Ace Integrated Solutions Limited (ACEINTEG)","Trading - Chemicals","Commercial Services & Supplies",179520000.00,-0.73,1.32,2.27,1030,55.33,0.00
"Radaan Mediaworks India Limited (RADAAN)","Media & Entertainment","Entertainment",168984004.80,-3.55,11.43,4.00,45937,9.22,0.00
"TECIL Chemicals and Hydro Power Limited (TECILCHEM)","Commodity Chemicals","Chemicals & Petrochemicals",166880560.00,-4.76,-9.93,1.15,142745,0.00,0.00
"JHS Svendgaard Retail Ventures Limited (RETAIL)","Diversified Retail","Retailing",164584276.00,19.98,13.40,15.29,111518,0.00,0.00
"Visagar Polytex Limited (VIVIDHA)","Garments & Apparels","Textiles & Apparels",155131283.02,0.00,3.92,1.92,228223,0.00,0.00
"Heads UP Ventures Limited (HEADSUP)","Garments & Apparels","Textiles & Apparels",151265871.65,-2.92,2.09,2.24,8590,0.00,0.00
"Gujarat Lease Financing Limited (GLFL)","Other Financial Services","GLFL",139155184.71,1.99,1.38,-10.16,8638,166.10,0.00
"AURUS GEM CORPORATION LIMITED (AURUS)","Gems, Jewellery And Watches","Consumer Durables",137985120.00,0.43,-3.90,1.96,8547,7.66,0.00
"Shyam Telecom Limited (SHYAMTEL)","Trading & Distributors","SHYAMTEL",122279500.00,1.47,-4.82,-21.72,726,0.00,0.00
"Uniinfo Telecom Services Limited (UNIINFO)","Other Telecom Services","Telecom - Services",121794636.80,-2.83,1.42,0.89,2307,79.24,0.00
"Usha Martin Education & Solutions Limited (UMESLTD)","E-Learning","Other Consumer Services",121248572.49,0.89,4.56,-18.47,21477,199.43,0.00
"Creative Eye Limited (CREATIVEYE)","Media & Entertainment","Entertainment",119948335.00,-1.12,4.91,-2.76,5749,0.00,0.00
"ORTIN GLOBAL LIMITED (ORTINGLOBE)","Pharmaceuticals","ORTINGLOBE",119287520.64,3.25,-7.33,-2.98,2977,0.00,0.00
"Globale Tessile Limited (GLOBALE)","Trading - Textile Products","Textiles & Apparels",117778849.75,-1.94,0.82,-5.21,1300,0.00,0.00
"ANTGRAPHIC (ANTGRAPHIC)","","",111606912.00,0.00,1.41,-1.37,270504,0.00,0.00
"Rajdarshan Industries Limited (ARENTERP)","Trading - Minerals","Metals & Minerals Trading",107858010.00,-0.20,5.09,-4.88,837,27.40,0.00
"DCM Financial Services Limited (DCMFINSERV)","Investment Company","DCMFINSERV",93534295.26,0.60,-3.86,-6.57,4208,0.00,0.00
"Shanti Overseas (India) Limited (SHANTI)","Other Agricultural Products","Agricultural Food & other Products",63082080.00,1.07,-8.24,-9.98,10428,0.00,0.00
